product_id,store_id,stock_date,stock_level
1,1,2023-11-08,168
1,2,2025-02-18,294
1,3,2024-04-20,266
1,4,2024-02-28,91
1,5,2024-10-30,36
1,6,2024-08-22,289
1,7,2024-04-04,179
1,8,2023-08-23,233
1,9,2023-10-28,108
1,10,2024-03-30,163
1,11,2025-04-17,246
1,12,2023-10-20,114
1,13,2023-06-27,242
1,14,2025-05-25,158
1,15,2024-11-02,53
1,16,2024-10-18,137
1,17,2025-02-22,238
1,18,2025-03-22,185
1,19,2023-08-19,187
1,20,2025-04-10,176
2,1,2024-05-24,262
2,2,2023-12-26,81
2,3,2024-03-31,183
2,4,2024-05-26,36
2,5,2023-09-28,216
2,6,2024-11-27,134
2,7,2023-11-18,187
2,8,2025-05-14,40
2,9,2023-10-28,213
2,10,2024-10-06,81
2,11,2024-10-28,200
2,12,2023-12-29,142
2,13,2025-01-13,174
2,14,2023-10-09,2
2,15,2024-01-17,133
2,16,2025-01-19,242
2,17,2024-04-26,55
2,18,2024-01-26,53
2,19,2023-09-14,31
2,20,2024-05-14,144
3,1,2025-02-20,74
3,2,2025-01-09,30
3,3,2024-03-26,189
3,4,2025-04-19,108
3,5,2025-06-23,2
3,6,2024-01-31,282
3,7,2025-04-08,178
3,8,2025-02-13,66
3,9,2024-06-28,300
3,10,2024-09-30,290
3,11,2023-11-08,264
3,12,2025-04-11,129
3,13,2025-03-26,35
3,14,2024-03-10,189
3,15,2024-07-15,155
3,16,2024-03-21,215
3,17,2023-10-20,238
3,18,2024-12-07,242
3,19,2024-03-31,51
3,20,2024-08-12,16
4,1,2024-10-11,269
4,2,2024-11-22,92
4,3,2024-07-01,51
4,4,2024-09-20,296
4,5,2023-07-02,103
4,6,2023-08-19,55
4,7,2024-04-26,48
4,8,2023-09-04,246
4,9,2025-01-10,65
4,10,2024-05-18,234
4,11,2024-06-30,150
4,12,2024-10-14,276
4,13,2024-04-27,204
4,14,2024-02-23,19
4,15,2024-10-10,285
4,16,2023-07-22,163
4,17,2025-03-24,15
4,18,2024-12-16,85
4,19,2025-01-17,248
4,20,2025-03-07,185
5,1,2024-08-08,0
5,2,2025-05-19,56
5,3,2025-03-19,64
5,4,2023-08-09,60
5,5,2024-05-28,143
5,6,2023-12-12,46
5,7,2024-10-22,141
5,8,2024-11-30,104
5,9,2023-10-20,77
5,10,2024-08-12,149
5,11,2024-12-24,113
5,12,2025-03-05,119
5,13,2025-01-16,66
5,14,2024-06-29,196
5,15,2024-04-01,237
5,16,2025-03-08,76
5,17,2025-06-19,266
5,18,2024-08-21,14
5,19,2024-06-11,271
5,20,2025-01-16,288
6,1,2024-02-25,283
6,2,2024-02-25,66
6,3,2025-04-22,38
6,4,2023-09-08,98
6,5,2025-05-19,106
6,6,2023-10-05,142
6,7,2024-11-05,89
6,8,2023-10-09,153
6,9,2024-10-30,93
6,10,2023-07-10,67
6,11,2023-07-13,230
6,12,2025-06-13,80
6,13,2024-12-06,183
6,14,2023-10-09,6
6,15,2024-09-22,143
6,16,2025-04-29,245
6,17,2025-04-02,270
6,18,2025-01-20,191
6,19,2025-02-03,284
6,20,2024-08-17,23
7,1,2024-11-26,215
7,2,2023-12-13,216
7,3,2025-03-17,15
7,4,2023-07-24,191
7,5,2024-09-28,190
7,6,2024-12-04,285
7,7,2025-04-24,209
7,8,2023-08-22,7
7,9,2023-10-20,26
7,10,2025-03-27,147
7,11,2024-05-22,143
7,12,2023-08-11,166
7,13,2024-04-19,6
7,14,2025-01-05,164
7,15,2024-06-03,21
7,16,2023-08-26,145
7,17,2023-08-19,87
7,18,2024-11-12,225
7,19,2025-01-11,116
7,20,2025-06-05,299
8,1,2024-12-30,169
8,2,2024-02-26,76
8,3,2025-02-10,62
8,4,2023-08-03,133
8,5,2023-10-26,266
8,6,2023-07-31,58
8,7,2024-02-11,220
8,8,2024-08-17,173
8,9,2024-07-23,29
8,10,2024-03-17,46
8,11,2024-10-30,2
8,12,2024-10-26,131
8,13,2024-08-13,118
8,14,2024-04-21,2
8,15,2024-08-09,277
8,16,2024-11-18,62
8,17,2025-04-03,21
8,18,2023-12-04,271
8,19,2025-06-11,18
8,20,2025-03-08,297
9,1,2025-05-31,65
9,2,2023-12-26,241
9,3,2023-07-18,123
9,4,2024-10-27,288
9,5,2024-08-10,273
9,6,2024-08-22,247
9,7,2024-03-06,250
9,8,2025-01-09,145
9,9,2023-09-24,53
9,10,2023-07-14,52
9,11,2024-07-04,61
9,12,2024-06-13,291
9,13,2025-01-21,144
9,14,2024-11-03,149
9,15,2024-04-26,111
9,16,2024-03-25,207
9,17,2023-11-15,240
9,18,2024-12-19,272
9,19,2023-08-21,180
9,20,2024-03-03,71
10,1,2024-02-17,62
10,2,2025-01-23,286
10,3,2024-04-11,129
10,4,2025-06-07,248
10,5,2024-01-09,174
10,6,2025-06-22,108
10,7,2023-08-22,86
10,8,2024-06-17,242
10,9,2023-10-01,138
10,10,2024-12-13,63
10,11,2024-10-14,28
10,12,2023-07-04,152
10,13,2024-08-05,197
10,14,2024-07-06,173
10,15,2024-04-12,231
10,16,2025-06-19,6
10,17,2024-11-30,62
10,18,2024-10-12,195
10,19,2025-04-27,177
10,20,2024-06-30,210
11,1,2024-11-28,112
11,2,2023-08-08,84
11,3,2024-04-13,109
11,4,2024-10-19,112
11,5,2023-11-20,26
11,6,2024-05-17,153
11,7,2024-03-07,126
11,8,2023-10-19,123
11,9,2024-12-08,60
11,10,2024-09-18,14
11,11,2025-03-25,43
11,12,2024-01-25,37
11,13,2025-03-12,298
11,14,2023-08-15,81
11,15,2025-02-18,93
11,16,2025-03-22,254
11,17,2023-12-08,237
11,18,2023-06-24,93
11,19,2023-12-27,93
11,20,2023-12-18,292
12,1,2025-01-23,259
12,2,2024-01-20,10
12,3,2025-02-04,11
12,4,2025-03-16,228
12,5,2024-04-16,233
12,6,2024-05-07,218
12,7,2024-10-21,28
12,8,2025-02-11,155
12,9,2024-10-29,169
12,10,2025-01-12,202
12,11,2024-04-05,226
12,12,2025-05-21,4
12,13,2024-12-28,268
12,14,2025-05-25,38
12,15,2024-11-04,61
12,16,2024-07-30,183
12,17,2024-07-20,62
12,18,2024-09-19,177
12,19,2023-07-04,137
12,20,2025-05-08,81
13,1,2023-07-05,265
13,2,2024-10-19,68
13,3,2025-05-18,273
13,4,2025-05-12,203
13,5,2024-07-08,284
13,6,2025-02-14,164
13,7,2024-10-31,226
13,8,2024-03-29,250
13,9,2023-10-17,110
13,10,2023-07-31,7
13,11,2024-01-27,211
13,12,2024-05-12,138
13,13,2024-07-16,244
13,14,2025-04-12,75
13,15,2023-11-09,197
13,16,2024-07-30,271
13,17,2025-02-20,263
13,18,2024-07-23,167
13,19,2024-07-05,280
13,20,2024-11-14,204
14,1,2024-07-22,24
14,2,2024-12-22,168
14,3,2024-12-31,100
14,4,2025-04-22,104
14,5,2024-10-14,143
14,6,2023-10-03,108
14,7,2024-12-17,107
14,8,2023-12-04,56
14,9,2023-07-25,179
14,10,2025-03-06,10
14,11,2023-09-13,15
14,12,2024-06-20,129
14,13,2025-01-28,187
14,14,2024-07-14,13
14,15,2025-04-12,122
14,16,2025-03-05,95
14,17,2025-06-05,49
14,18,2024-08-14,148
14,19,2025-04-09,153
14,20,2023-06-24,83
15,1,2024-01-30,18
15,2,2024-11-06,267
15,3,2024-12-18,199
15,4,2025-05-18,271
15,5,2023-09-08,51
15,6,2024-07-16,157
15,7,2024-09-10,226
15,8,2024-05-28,280
15,9,2024-06-20,204
15,10,2023-12-21,189
15,11,2023-07-28,259
15,12,2024-03-21,293
15,13,2023-09-13,297
15,14,2023-07-24,72
15,15,2024-07-20,226
15,16,2025-02-03,292
15,17,2024-11-02,41
15,18,2024-07-26,77
15,19,2025-01-20,60
15,20,2023-07-05,185
16,1,2025-06-01,83
16,2,2025-06-19,166
16,3,2023-09-10,295
16,4,2025-06-23,27
16,5,2023-08-31,196
16,6,2024-12-23,96
16,7,2023-08-07,291
16,8,2025-01-13,197
16,9,2023-09-15,104
16,10,2023-11-08,284
16,11,2024-03-25,12
16,12,2024-10-17,159
16,13,2024-11-08,272
16,14,2024-06-01,95
16,15,2024-03-18,235
16,16,2023-09-27,68
16,17,2025-03-11,67
16,18,2024-01-10,56
16,19,2024-09-22,31
16,20,2025-05-23,120
17,1,2024-07-23,264
17,2,2025-03-21,89
17,3,2023-07-27,215
17,4,2023-07-10,7
17,5,2023-12-30,73
17,6,2023-07-18,290
17,7,2024-08-13,182
17,8,2024-06-11,106
17,9,2025-05-18,116
17,10,2024-05-31,73
17,11,2025-02-13,0
17,12,2024-04-15,199
17,13,2024-05-20,249
17,14,2024-11-16,226
17,15,2024-05-06,38
17,16,2023-09-16,95
17,17,2024-04-21,9
17,18,2023-11-15,99
17,19,2024-10-18,295
17,20,2024-01-04,42
18,1,2024-02-11,148
18,2,2023-09-30,8
18,3,2023-08-05,126
18,4,2024-05-21,223
18,5,2024-01-24,169
18,6,2023-09-02,113
18,7,2024-02-03,184
18,8,2024-07-21,139
18,9,2025-02-09,265
18,10,2023-12-02,0
18,11,2024-06-29,280
18,12,2024-03-26,236
18,13,2025-05-11,207
18,14,2023-07-11,210
18,15,2023-07-01,290
18,16,2023-09-20,155
18,17,2025-01-11,248
18,18,2025-04-24,122
18,19,2024-06-22,43
18,20,2025-05-31,276
19,1,2024-11-21,274
19,2,2025-06-19,218
19,3,2023-07-23,173
19,4,2023-10-05,22
19,5,2024-07-20,21
19,6,2025-02-25,224
19,7,2023-10-07,200
19,8,2024-01-09,238
19,9,2024-11-23,90
19,10,2025-04-22,12
19,11,2023-09-16,125
19,12,2024-02-13,263
19,13,2024-08-06,153
19,14,2024-05-30,254
19,15,2025-05-19,243
19,16,2025-01-17,41
19,17,2025-05-30,185
19,18,2024-09-25,58
19,19,2024-10-31,28
19,20,2025-01-29,82
20,1,2023-12-10,282
20,2,2024-03-01,230
20,3,2023-09-27,273
20,4,2025-02-19,178
20,5,2023-11-23,21
20,6,2023-11-28,21
20,7,2023-10-09,98
20,8,2023-07-06,241
20,9,2024-06-16,115
20,10,2024-07-22,77
20,11,2025-05-08,53
20,12,2025-02-09,62
20,13,2025-04-23,281
20,14,2023-08-07,119
20,15,2024-03-07,98
20,16,2024-06-07,299
20,17,2023-08-22,167
20,18,2025-06-08,145
20,19,2024-06-15,100
20,20,2025-05-25,69
21,1,2023-09-06,149
21,2,2023-09-21,107
21,3,2024-10-07,36
21,4,2025-04-19,277
21,5,2024-01-22,64
21,6,2024-04-29,210
21,7,2024-02-11,101
21,8,2024-12-25,297
21,9,2024-11-15,218
21,10,2024-07-11,48
21,11,2024-02-28,20
21,12,2024-10-29,77
21,13,2025-02-14,182
21,14,2024-09-10,150
21,15,2025-05-07,180
21,16,2023-08-01,160
21,17,2024-11-02,92
21,18,2024-03-24,167
21,19,2023-06-26,54
21,20,2024-04-03,67
22,1,2023-12-27,190
22,2,2024-06-08,100
22,3,2024-02-20,15
22,4,2024-05-09,20
22,5,2024-03-19,273
22,6,2024-03-30,76
22,7,2023-09-15,267
22,8,2024-02-09,200
22,9,2023-09-28,147
22,10,2024-02-23,257
22,11,2024-11-03,285
22,12,2025-02-02,53
22,13,2023-11-02,179
22,14,2024-02-19,127
22,15,2024-09-10,132
22,16,2024-04-28,69
22,17,2024-04-20,46
22,18,2024-03-09,287
22,19,2024-06-10,144
22,20,2023-09-22,189
23,1,2024-04-02,282
23,2,2024-08-30,48
23,3,2024-03-17,129
23,4,2024-01-15,220
23,5,2024-05-23,16
23,6,2024-08-30,135
23,7,2024-10-06,240
23,8,2024-02-07,133
23,9,2024-04-03,91
23,10,2023-08-08,198
23,11,2025-05-27,40
23,12,2023-08-12,75
23,13,2024-02-24,185
23,14,2025-03-04,117
23,15,2024-10-25,145
23,16,2024-12-02,26
23,17,2024-07-06,171
23,18,2025-04-12,251
23,19,2024-02-06,209
23,20,2023-10-31,87
24,1,2023-12-18,18
24,2,2025-04-02,213
24,3,2023-10-17,231
24,4,2024-06-23,133
24,5,2025-01-17,141
24,6,2024-12-15,122
24,7,2024-03-15,271
24,8,2024-10-08,163
24,9,2024-04-03,217
24,10,2024-09-28,229
24,11,2024-05-29,28
24,12,2024-07-15,150
24,13,2024-02-03,260
24,14,2025-01-10,137
24,15,2025-03-31,73
24,16,2023-08-13,183
24,17,2025-04-05,211
24,18,2024-04-11,152
24,19,2023-12-15,275
24,20,2024-07-09,60
25,1,2024-10-19,286
25,2,2025-03-17,12
25,3,2025-03-25,197
25,4,2024-06-05,18
25,5,2024-09-05,199
25,6,2024-05-11,289
25,7,2024-09-23,237
25,8,2024-11-07,126
25,9,2024-01-08,36
25,10,2024-06-17,185
25,11,2024-03-26,251
25,12,2023-07-24,241
25,13,2024-06-23,110
25,14,2025-01-17,73
25,15,2024-07-05,29
25,16,2023-06-28,274
25,17,2023-10-06,213
25,18,2023-08-21,11
25,19,2024-06-24,36
25,20,2024-01-31,170
26,1,2024-01-03,22
26,2,2024-04-13,165
26,3,2025-05-16,147
26,4,2024-05-25,28
26,5,2025-02-03,147
26,6,2024-01-30,89
26,7,2023-10-22,170
26,8,2025-05-03,224
26,9,2023-06-25,170
26,10,2025-06-02,81
26,11,2023-11-27,226
26,12,2023-09-24,73
26,13,2024-09-11,202
26,14,2024-12-19,6
26,15,2024-06-13,259
26,16,2023-09-08,196
26,17,2024-05-18,84
26,18,2023-07-21,266
26,19,2023-06-26,239
26,20,2025-02-21,200
27,1,2024-07-11,3
27,2,2023-09-20,240
27,3,2025-05-23,32
27,4,2023-08-19,264
27,5,2024-07-26,190
27,6,2023-11-10,272
27,7,2024-09-21,257
27,8,2024-08-20,237
27,9,2024-02-26,216
27,10,2025-03-10,193
27,11,2024-01-29,151
27,12,2024-09-11,50
27,13,2024-06-11,250
27,14,2023-07-20,213
27,15,2025-04-02,59
27,16,2025-02-20,201
27,17,2025-02-04,267
27,18,2024-03-24,125
27,19,2023-12-28,186
27,20,2024-03-17,80
28,1,2023-08-22,241
28,2,2023-09-17,147
28,3,2024-07-01,298
28,4,2024-04-22,132
28,5,2025-04-12,208
28,6,2024-12-02,297
28,7,2024-03-14,118
28,8,2023-10-06,14
28,9,2023-10-14,67
28,10,2023-08-18,59
28,11,2024-06-24,88
28,12,2023-06-26,240
28,13,2025-06-16,90
28,14,2023-12-14,74
28,15,2024-03-26,91
28,16,2023-09-05,212
28,17,2025-04-22,168
28,18,2024-03-14,97
28,19,2025-06-06,116
28,20,2024-08-28,26
29,1,2024-08-10,85
29,2,2023-06-26,75
29,3,2024-07-22,203
29,4,2023-10-06,153
29,5,2024-01-01,181
29,6,2023-11-07,292
29,7,2024-08-04,211
29,8,2023-12-31,160
29,9,2024-06-14,229
29,10,2024-06-03,297
29,11,2023-10-08,144
29,12,2025-06-16,256
29,13,2024-03-12,97
29,14,2024-10-23,54
29,15,2024-06-12,189
29,16,2023-10-26,16
29,17,2024-04-08,281
29,18,2024-12-22,281
29,19,2023-12-27,134
29,20,2023-09-16,276
30,1,2024-09-25,185
30,2,2023-12-01,241
30,3,2024-01-07,134
30,4,2024-12-02,90
30,5,2024-03-22,151
30,6,2023-12-09,111
30,7,2025-04-28,235
30,8,2024-02-05,210
30,9,2024-12-18,69
30,10,2023-08-20,161
30,11,2024-03-09,244
30,12,2024-09-07,112
30,13,2024-08-18,199
30,14,2024-08-28,233
30,15,2023-12-24,230
30,16,2024-05-03,246
30,17,2025-02-22,80
30,18,2024-05-07,193
30,19,2023-08-16,40
30,20,2024-08-26,84
31,1,2024-01-14,18
31,2,2024-12-26,107
31,3,2024-10-23,179
31,4,2024-06-08,150
31,5,2025-06-02,185
31,6,2023-08-18,174
31,7,2024-02-09,117
31,8,2023-09-12,250
31,9,2023-07-21,13
31,10,2024-06-28,170
31,11,2023-08-12,158
31,12,2023-09-12,164
31,13,2025-04-21,277
31,14,2024-01-13,202
31,15,2024-12-15,220
31,16,2025-02-17,3
31,17,2023-07-07,190
31,18,2025-03-27,22
31,19,2024-03-26,188
31,20,2023-10-24,215
32,1,2023-07-26,73
32,2,2024-11-04,166
32,3,2024-02-08,179
32,4,2024-08-29,121
32,5,2024-01-07,3
32,6,2024-07-22,208
32,7,2025-01-05,61
32,8,2025-05-20,153
32,9,2024-03-05,18
32,10,2025-01-21,198
32,11,2024-12-01,257
32,12,2024-12-08,294
32,13,2024-04-27,248
32,14,2024-10-12,145
32,15,2025-03-19,100
32,16,2024-02-25,40
32,17,2023-07-26,216
32,18,2024-11-09,281
32,19,2023-09-25,240
32,20,2024-06-11,62
33,1,2024-01-23,120
33,2,2025-03-29,131
33,3,2024-09-05,268
33,4,2023-12-19,149
33,5,2025-04-07,7
33,6,2023-12-21,144
33,7,2024-07-11,32
33,8,2025-05-05,284
33,9,2024-12-17,76
33,10,2024-10-18,18
33,11,2024-12-03,204
33,12,2025-05-19,4
33,13,2023-09-10,35
33,14,2024-08-01,291
33,15,2024-03-28,53
33,16,2024-08-24,180
33,17,2024-09-07,22
33,18,2023-08-26,32
33,19,2023-10-20,27
33,20,2023-09-01,275
34,1,2023-10-17,230
34,2,2023-11-01,51
34,3,2024-11-03,264
34,4,2023-07-16,131
34,5,2025-01-17,232
34,6,2023-09-09,61
34,7,2025-04-19,111
34,8,2024-11-24,44
34,9,2024-09-06,137
34,10,2024-04-25,297
34,11,2023-08-10,179
34,12,2024-11-03,120
34,13,2025-06-21,247
34,14,2023-12-13,272
34,15,2024-02-10,140
34,16,2024-03-15,220
34,17,2025-01-20,177
34,18,2023-12-29,276
34,19,2025-03-14,121
34,20,2025-03-31,168
35,1,2023-09-10,96
35,2,2025-04-01,195
35,3,2023-09-01,284
35,4,2025-06-06,199
35,5,2024-11-03,232
35,6,2024-03-05,269
35,7,2025-01-17,259
35,8,2024-07-13,91
35,9,2023-07-03,230
35,10,2025-05-25,177
35,11,2023-12-10,251
35,12,2023-12-18,105
35,13,2023-11-02,228
35,14,2023-08-31,277
35,15,2025-05-13,167
35,16,2025-02-14,167
35,17,2024-10-14,41
35,18,2025-03-06,300
35,19,2025-04-29,187
35,20,2023-08-01,246
36,1,2023-12-27,181
36,2,2023-08-31,195
36,3,2024-10-27,246
36,4,2023-12-25,298
36,5,2023-07-22,123
36,6,2023-12-03,276
36,7,2024-09-17,61
36,8,2024-02-19,38
36,9,2024-05-24,216
36,10,2023-12-30,143
36,11,2023-10-18,202
36,12,2023-09-11,133
36,13,2024-08-24,282
36,14,2024-01-27,124
36,15,2024-12-13,84
36,16,2024-02-29,180
36,17,2023-09-17,282
36,18,2025-01-30,116
36,19,2025-03-08,141
36,20,2024-06-17,151
37,1,2024-02-17,159
37,2,2025-05-02,25
37,3,2025-03-11,240
37,4,2024-01-05,229
37,5,2023-10-14,192
37,6,2024-09-29,9
37,7,2024-04-06,246
37,8,2024-05-09,239
37,9,2024-09-22,188
37,10,2025-05-20,219
37,11,2025-01-25,228
37,12,2024-05-19,222
37,13,2024-12-31,222
37,14,2023-12-15,196
37,15,2023-08-07,56
37,16,2024-03-28,215
37,17,2024-02-06,107
37,18,2025-04-17,134
37,19,2024-05-04,57
37,20,2025-04-14,195
38,1,2024-12-28,259
38,2,2024-11-11,281
38,3,2025-06-12,110
38,4,2024-08-10,221
38,5,2024-11-27,207
38,6,2025-05-25,4
38,7,2025-04-25,256
38,8,2024-12-08,127
38,9,2024-01-31,253
38,10,2025-06-22,285
38,11,2023-08-08,177
38,12,2024-05-04,168
38,13,2024-05-30,217
38,14,2023-08-21,140
38,15,2025-02-21,29
38,16,2025-03-29,245
38,17,2024-09-30,95
38,18,2023-10-23,285
38,19,2023-12-03,181
38,20,2024-09-29,164
39,1,2025-01-21,282
39,2,2025-03-20,256
39,3,2025-04-13,134
39,4,2025-05-31,111
39,5,2024-05-23,217
39,6,2023-09-17,128
39,7,2024-09-30,138
39,8,2023-12-01,153
39,9,2024-03-05,54
39,10,2024-08-20,242
39,11,2024-07-01,73
39,12,2024-05-23,52
39,13,2024-03-02,140
39,14,2024-05-13,232
39,15,2023-07-28,39
39,16,2025-03-13,283
39,17,2024-05-26,288
39,18,2025-01-31,148
39,19,2024-11-28,125
39,20,2024-12-24,19
40,1,2024-06-07,12
40,2,2024-02-29,190
40,3,2024-06-22,96
40,4,2025-01-30,63
40,5,2025-03-22,27
40,6,2024-06-28,243
40,7,2024-09-11,66
40,8,2023-10-19,92
40,9,2024-01-20,121
40,10,2024-05-18,176
40,11,2024-09-15,133
40,12,2024-05-04,151
40,13,2024-04-21,140
40,14,2023-10-25,26
40,15,2023-12-04,279
40,16,2025-04-07,295
40,17,2024-02-04,0
40,18,2025-06-23,165
40,19,2024-03-24,13
40,20,2025-04-10,295
41,1,2023-08-31,158
41,2,2024-06-22,90
41,3,2024-02-12,195
41,4,2024-12-24,171
41,5,2025-06-22,190
41,6,2025-03-25,165
41,7,2024-08-29,188
41,8,2025-03-02,131
41,9,2024-04-15,212
41,10,2024-12-18,41
41,11,2024-04-17,40
41,12,2024-04-16,273
41,13,2024-03-05,18
41,14,2024-09-27,278
41,15,2024-09-23,58
41,16,2024-03-11,98
41,17,2025-05-23,133
41,18,2024-10-27,201
41,19,2024-07-18,35
41,20,2024-09-01,8
42,1,2025-03-10,244
42,2,2025-03-02,294
42,3,2023-08-26,124
42,4,2023-10-04,181
42,5,2023-11-14,152
42,6,2025-05-31,150
42,7,2023-08-15,250
42,8,2024-08-14,117
42,9,2023-12-25,120
42,10,2024-03-23,152
42,11,2024-12-24,291
42,12,2024-12-13,146
42,13,2023-10-04,204
42,14,2024-04-13,204
42,15,2025-06-06,71
42,16,2024-09-05,6
42,17,2025-01-30,248
42,18,2024-04-12,123
42,19,2024-10-31,107
42,20,2024-11-30,226
43,1,2024-12-01,161
43,2,2024-08-29,243
43,3,2024-03-06,194
43,4,2023-12-02,170
43,5,2023-10-19,71
43,6,2023-12-26,129
43,7,2023-10-14,29
43,8,2025-02-15,95
43,9,2023-09-05,276
43,10,2024-08-24,282
43,11,2025-06-22,94
43,12,2025-03-27,182
43,13,2024-07-27,174
43,14,2024-05-07,223
43,15,2024-10-31,1
43,16,2024-06-17,103
43,17,2024-02-01,23
43,18,2025-05-24,121
43,19,2023-07-05,27
43,20,2024-04-17,292
44,1,2024-07-12,119
44,2,2024-01-05,219
44,3,2024-07-02,56
44,4,2024-08-18,34
44,5,2024-10-29,37
44,6,2024-03-06,9
44,7,2024-09-26,194
44,8,2023-11-24,270
44,9,2024-01-25,87
44,10,2024-01-04,57
44,11,2025-02-23,297
44,12,2024-07-08,113
44,13,2023-07-02,236
44,14,2023-09-29,295
44,15,2025-02-26,111
44,16,2024-03-12,272
44,17,2024-02-19,273
44,18,2023-11-09,7
44,19,2025-06-12,159
44,20,2025-04-21,66
45,1,2024-03-24,223
45,2,2025-06-17,142
45,3,2025-05-07,175
45,4,2025-06-05,180
45,5,2023-10-31,148
45,6,2023-10-05,52
45,7,2024-08-26,172
45,8,2024-05-12,81
45,9,2024-07-28,133
45,10,2025-02-28,30
45,11,2024-10-23,21
45,12,2023-08-25,290
45,13,2024-01-23,168
45,14,2025-04-18,158
45,15,2025-03-04,229
45,16,2025-05-07,74
45,17,2025-02-28,74
45,18,2024-02-22,3
45,19,2023-12-21,109
45,20,2024-11-20,174
46,1,2024-09-10,276
46,2,2023-11-25,15
46,3,2025-01-25,147
46,4,2024-10-13,230
46,5,2023-09-16,94
46,6,2023-09-08,202
46,7,2025-03-31,116
46,8,2024-10-01,53
46,9,2024-09-30,268
46,10,2023-12-31,64
46,11,2025-05-25,103
46,12,2024-12-06,299
46,13,2025-02-13,190
46,14,2024-01-18,185
46,15,2024-01-05,220
46,16,2023-08-21,239
46,17,2024-02-28,54
46,18,2023-09-16,38
46,19,2024-10-29,7
46,20,2024-10-17,100
47,1,2025-02-28,269
47,2,2023-08-05,36
47,3,2024-09-03,225
47,4,2023-09-14,116
47,5,2023-08-23,183
47,6,2023-08-09,282
47,7,2025-01-28,182
47,8,2023-11-24,133
47,9,2024-04-26,64
47,10,2024-06-05,180
47,11,2025-04-12,2
47,12,2024-02-13,263
47,13,2024-06-09,17
47,14,2024-12-10,236
47,15,2024-12-16,282
47,16,2025-04-30,132
47,17,2023-11-13,74
47,18,2023-10-17,196
47,19,2024-08-08,150
47,20,2023-12-07,265
48,1,2023-11-02,81
48,2,2024-11-14,41
48,3,2023-07-02,5
48,4,2023-11-04,254
48,5,2024-04-01,218
48,6,2023-09-01,27
48,7,2023-09-04,71
48,8,2025-06-10,95
48,9,2024-06-25,286
48,10,2024-05-23,23
48,11,2023-07-18,295
48,12,2023-09-30,61
48,13,2025-03-05,211
48,14,2024-02-21,57
48,15,2024-05-21,56
48,16,2024-02-14,299
48,17,2024-12-23,109
48,18,2024-05-17,239
48,19,2024-05-08,81
48,20,2023-09-26,20
49,1,2025-01-20,265
49,2,2025-05-30,288
49,3,2025-05-25,205
49,4,2024-11-08,47
49,5,2024-09-23,54
49,6,2025-01-29,74
49,7,2024-05-13,54
49,8,2023-09-22,184
49,9,2024-07-15,168
49,10,2024-03-23,123
49,11,2023-10-14,243
49,12,2024-09-02,248
49,13,2024-02-12,213
49,14,2024-08-17,292
49,15,2025-03-16,43
49,16,2024-07-28,253
49,17,2023-12-18,159
49,18,2023-12-21,218
49,19,2024-07-08,235
49,20,2023-07-20,228
50,1,2024-11-09,230
50,2,2024-04-06,98
50,3,2025-04-12,135
50,4,2024-04-04,64
50,5,2023-12-31,26
50,6,2024-02-19,137
50,7,2024-02-20,174
50,8,2023-07-18,170
50,9,2024-11-18,7
50,10,2024-05-07,33
50,11,2024-04-18,2
50,12,2024-11-02,234
50,13,2024-07-28,231
50,14,2025-02-09,6
50,15,2023-09-16,146
50,16,2023-09-20,96
50,17,2024-11-30,109
50,18,2024-05-20,268
50,19,2023-06-30,128
50,20,2024-03-20,161
51,1,2025-05-12,60
51,2,2024-09-19,103
51,3,2025-03-17,271
51,4,2024-05-13,259
51,5,2025-06-15,72
51,6,2024-09-04,287
51,7,2024-12-02,167
51,8,2023-10-30,194
51,9,2023-07-27,252
51,10,2024-06-24,253
51,11,2023-10-28,246
51,12,2025-04-24,299
51,13,2024-07-31,59
51,14,2024-12-12,116
51,15,2023-10-19,225
51,16,2024-11-17,161
51,17,2023-08-06,0
51,18,2024-08-05,134
51,19,2025-01-09,124
51,20,2023-10-09,134
52,1,2023-10-12,240
52,2,2023-12-29,162
52,3,2025-04-24,280
52,4,2024-10-04,269
52,5,2024-02-07,36
52,6,2024-10-20,112
52,7,2025-04-29,155
52,8,2024-05-11,291
52,9,2023-08-29,210
52,10,2024-02-07,71
52,11,2024-06-11,168
52,12,2024-05-05,114
52,13,2025-06-01,76
52,14,2024-08-14,25
52,15,2023-07-15,282
52,16,2023-07-21,235
52,17,2025-01-26,291
52,18,2024-12-31,183
52,19,2025-03-30,255
52,20,2024-11-27,194
53,1,2024-12-26,134
53,2,2024-12-09,242
53,3,2024-02-21,230
53,4,2023-06-29,171
53,5,2025-04-21,256
53,6,2024-07-23,28
53,7,2025-06-14,72
53,8,2025-03-29,296
53,9,2024-03-26,186
53,10,2023-11-13,238
53,11,2024-05-09,178
53,12,2025-03-13,112
53,13,2025-05-01,2
53,14,2025-01-18,157
53,15,2024-03-23,252
53,16,2024-04-07,238
53,17,2024-05-12,67
53,18,2025-03-18,45
53,19,2023-08-12,258
53,20,2025-05-27,265
54,1,2024-01-19,72
54,2,2025-03-20,219
54,3,2024-06-07,0
54,4,2024-05-15,129
54,5,2024-09-04,248
54,6,2025-01-15,263
54,7,2023-12-02,244
54,8,2023-07-26,84
54,9,2024-08-10,154
54,10,2023-12-03,19
54,11,2024-07-26,96
54,12,2024-07-24,139
54,13,2023-08-15,213
54,14,2024-08-03,15
54,15,2025-02-07,91
54,16,2025-03-08,269
54,17,2024-03-25,86
54,18,2024-11-07,8
54,19,2025-05-12,183
54,20,2023-12-05,53
55,1,2024-04-13,65
55,2,2024-03-01,184
55,3,2024-05-28,247
55,4,2024-03-01,102
55,5,2024-09-27,296
55,6,2025-06-07,168
55,7,2025-03-07,13
55,8,2025-06-01,173
55,9,2024-10-27,203
55,10,2023-08-06,96
55,11,2024-02-21,190
55,12,2025-03-25,150
55,13,2024-01-19,185
55,14,2024-09-21,62
55,15,2025-02-26,127
55,16,2024-03-19,18
55,17,2023-06-25,112
55,18,2023-08-24,132
55,19,2025-03-14,74
55,20,2025-02-11,189
56,1,2023-06-30,93
56,2,2025-02-09,247
56,3,2024-02-23,172
56,4,2024-05-21,55
56,5,2024-05-14,249
56,6,2025-04-21,12
56,7,2024-01-15,153
56,8,2024-11-23,243
56,9,2025-04-18,165
56,10,2025-05-15,243
56,11,2023-10-26,38
56,12,2023-11-21,225
56,13,2024-04-08,32
56,14,2025-05-29,23
56,15,2025-05-18,290
56,16,2024-03-02,166
56,17,2023-12-11,229
56,18,2024-01-05,240
56,19,2023-08-27,272
56,20,2023-06-27,182
57,1,2025-05-04,99
57,2,2023-09-21,291
57,3,2024-12-30,225
57,4,2024-06-14,22
57,5,2024-06-09,68
57,6,2023-10-09,241
57,7,2024-04-12,285
57,8,2024-05-29,79
57,9,2024-03-01,202
57,10,2023-07-01,121
57,11,2024-12-13,61
57,12,2024-02-02,93
57,13,2024-01-28,76
57,14,2024-03-17,257
57,15,2023-07-26,160
57,16,2024-07-27,189
57,17,2024-08-31,280
57,18,2024-10-08,259
57,19,2024-10-14,300
57,20,2025-05-24,159
58,1,2024-03-04,242
58,2,2024-08-24,136
58,3,2024-05-29,133
58,4,2025-01-02,275
58,5,2024-05-14,106
58,6,2025-05-08,300
58,7,2024-04-20,234
58,8,2025-04-21,270
58,9,2024-04-14,183
58,10,2023-07-11,176
58,11,2024-03-22,231
58,12,2024-10-10,172
58,13,2025-04-18,114
58,14,2024-04-22,49
58,15,2024-12-14,111
58,16,2023-12-14,145
58,17,2023-12-30,280
58,18,2024-04-22,171
58,19,2025-03-11,158
58,20,2024-08-03,216
59,1,2024-01-21,263
59,2,2023-12-19,72
59,3,2024-04-27,186
59,4,2024-12-18,173
59,5,2025-06-09,143
59,6,2024-07-22,92
59,7,2024-07-08,193
59,8,2024-03-28,65
59,9,2025-01-08,54
59,10,2025-03-23,11
59,11,2025-01-17,189
59,12,2024-12-09,188
59,13,2024-12-04,66
59,14,2025-03-16,240
59,15,2023-10-05,5
59,16,2023-11-08,292
59,17,2023-08-30,253
59,18,2023-11-14,115
59,19,2024-08-25,256
59,20,2025-06-12,17
60,1,2025-02-05,257
60,2,2024-01-15,211
60,3,2024-07-10,27
60,4,2024-03-18,205
60,5,2023-08-09,183
60,6,2025-02-07,264
60,7,2024-12-14,264
60,8,2024-10-31,291
60,9,2024-05-22,205
60,10,2025-02-13,17
60,11,2024-02-13,227
60,12,2024-11-15,290
60,13,2025-01-10,241
60,14,2025-05-09,294
60,15,2024-09-03,101
60,16,2025-01-10,284
60,17,2024-07-22,119
60,18,2024-10-18,66
60,19,2024-11-09,61
60,20,2024-06-14,72
61,1,2023-11-20,198
61,2,2025-04-23,213
61,3,2024-12-30,259
61,4,2025-02-26,167
61,5,2025-04-05,285
61,6,2023-09-19,48
61,7,2023-07-26,94
61,8,2024-10-02,42
61,9,2023-12-01,140
61,10,2023-07-01,59
61,11,2024-04-05,272
61,12,2024-07-31,13
61,13,2024-06-09,279
61,14,2024-10-18,251
61,15,2024-11-15,146
61,16,2024-03-27,207
61,17,2025-05-18,75
61,18,2025-02-13,204
61,19,2024-03-11,35
61,20,2023-07-21,192
62,1,2025-04-17,294
62,2,2024-06-09,214
62,3,2023-11-20,275
62,4,2025-03-28,160
62,5,2023-11-20,167
62,6,2023-12-03,78
62,7,2024-11-28,146
62,8,2024-09-05,299
62,9,2024-03-04,292
62,10,2023-07-05,222
62,11,2024-04-06,260
62,12,2024-09-11,73
62,13,2024-12-10,259
62,14,2023-11-29,150
62,15,2023-08-08,112
62,16,2023-09-23,199
62,17,2025-02-07,182
62,18,2024-07-01,139
62,19,2025-01-05,37
62,20,2024-09-05,46
63,1,2024-07-20,259
63,2,2024-12-13,248
63,3,2024-01-08,184
63,4,2024-11-29,206
63,5,2024-01-21,188
63,6,2023-12-04,165
63,7,2024-07-06,27
63,8,2024-12-11,118
63,9,2024-06-15,136
63,10,2024-02-21,286
63,11,2024-02-19,88
63,12,2025-04-21,218
63,13,2024-02-16,85
63,14,2024-08-16,94
63,15,2024-08-15,187
63,16,2024-01-01,195
63,17,2025-06-20,83
63,18,2023-10-04,110
63,19,2024-06-01,182
63,20,2023-08-17,147
64,1,2024-05-09,110
64,2,2024-08-12,261
64,3,2024-09-14,123
64,4,2024-05-27,26
64,5,2024-06-22,22
64,6,2023-07-13,108
64,7,2024-05-29,152
64,8,2024-09-20,23
64,9,2024-07-09,104
64,10,2024-02-29,45
64,11,2025-05-25,91
64,12,2023-09-09,224
64,13,2025-02-21,160
64,14,2024-02-24,214
64,15,2025-06-06,115
64,16,2025-02-13,47
64,17,2024-09-06,143
64,18,2025-06-20,95
64,19,2023-12-03,93
64,20,2023-10-26,193
65,1,2023-12-07,257
65,2,2023-07-09,239
65,3,2023-07-17,250
65,4,2023-10-30,25
65,5,2024-07-30,149
65,6,2024-08-27,164
65,7,2024-06-18,203
65,8,2023-11-27,269
65,9,2024-02-29,170
65,10,2024-09-18,179
65,11,2023-07-13,172
65,12,2024-02-16,119
65,13,2024-03-24,58
65,14,2024-12-07,268
65,15,2023-07-19,119
65,16,2024-07-28,76
65,17,2025-01-04,176
65,18,2025-05-03,106
65,19,2024-01-01,111
65,20,2024-07-19,261
66,1,2025-01-16,286
66,2,2024-08-23,201
66,3,2024-04-06,181
66,4,2023-08-08,158
66,5,2024-09-28,214
66,6,2024-01-22,213
66,7,2024-04-04,35
66,8,2025-05-17,14
66,9,2024-11-04,4
66,10,2025-02-20,28
66,11,2025-06-13,95
66,12,2024-07-06,116
66,13,2024-07-26,54
66,14,2024-08-27,142
66,15,2023-06-29,4
66,16,2024-01-02,164
66,17,2023-09-05,142
66,18,2024-11-15,1
66,19,2024-06-18,183
66,20,2025-01-24,128
67,1,2024-09-13,259
67,2,2024-02-02,159
67,3,2025-03-29,100
67,4,2024-05-19,25
67,5,2024-10-13,297
67,6,2024-02-12,131
67,7,2024-05-03,264
67,8,2025-04-14,143
67,9,2023-12-04,139
67,10,2023-12-19,61
67,11,2024-01-24,162
67,12,2025-01-13,44
67,13,2023-11-04,275
67,14,2024-10-03,39
67,15,2025-02-14,168
67,16,2023-09-07,189
67,17,2025-03-19,77
67,18,2023-11-11,272
67,19,2025-05-28,190
67,20,2025-04-23,297
68,1,2023-07-06,243
68,2,2023-07-10,282
68,3,2024-07-25,198
68,4,2024-09-26,14
68,5,2024-02-21,61
68,6,2024-04-21,16
68,7,2024-11-23,214
68,8,2025-04-24,196
68,9,2024-11-29,187
68,10,2024-10-07,230
68,11,2024-07-21,64
68,12,2024-02-10,270
68,13,2024-01-12,278
68,14,2025-03-14,46
68,15,2024-06-04,62
68,16,2024-01-23,179
68,17,2024-01-15,2
68,18,2023-07-16,59
68,19,2025-03-15,163
68,20,2024-01-13,220
69,1,2023-11-03,252
69,2,2024-11-27,181
69,3,2025-01-12,158
69,4,2024-02-19,79
69,5,2024-12-14,184
69,6,2024-08-17,16
69,7,2023-12-05,268
69,8,2025-03-08,200
69,9,2024-06-14,115
69,10,2024-04-20,30
69,11,2024-12-03,33
69,12,2024-05-15,265
69,13,2023-09-18,139
69,14,2023-07-24,103
69,15,2024-08-04,221
69,16,2024-09-26,242
69,17,2023-12-15,136
69,18,2024-11-14,30
69,19,2024-12-30,297
69,20,2024-09-23,42
70,1,2024-02-07,253
70,2,2023-10-14,203
70,3,2025-01-02,164
70,4,2025-06-22,146
70,5,2024-11-13,285
70,6,2023-09-18,243
70,7,2023-11-04,231
70,8,2023-11-23,120
70,9,2025-04-15,36
70,10,2024-03-05,298
70,11,2024-04-16,146
70,12,2023-09-13,164
70,13,2024-12-13,235
70,14,2024-07-27,77
70,15,2025-06-23,256
70,16,2025-02-22,169
70,17,2024-11-19,85
70,18,2025-02-12,66
70,19,2024-01-11,147
70,20,2024-03-26,268
71,1,2025-04-21,227
71,2,2024-07-06,42
71,3,2024-01-30,238
71,4,2024-12-19,183
71,5,2025-02-17,95
71,6,2025-06-12,85
71,7,2024-01-02,65
71,8,2024-10-31,189
71,9,2024-04-15,170
71,10,2023-10-30,196
71,11,2023-06-24,74
71,12,2023-07-26,217
71,13,2025-06-09,193
71,14,2024-02-27,36
71,15,2024-03-05,195
71,16,2024-08-20,89
71,17,2024-06-20,22
71,18,2025-02-19,124
71,19,2023-12-29,121
71,20,2024-08-31,96
72,1,2025-04-23,133
72,2,2023-08-02,191
72,3,2024-07-30,103
72,4,2023-08-06,169
72,5,2025-03-01,259
72,6,2024-09-19,252
72,7,2023-08-24,86
72,8,2025-04-29,30
72,9,2024-07-31,166
72,10,2024-05-03,39
72,11,2024-10-22,103
72,12,2024-05-03,176
72,13,2024-12-26,267
72,14,2024-03-07,277
72,15,2024-08-28,235
72,16,2024-05-26,30
72,17,2024-05-19,30
72,18,2024-02-18,65
72,19,2024-07-31,111
72,20,2023-12-19,266
73,1,2023-06-27,207
73,2,2023-10-22,180
73,3,2023-12-24,195
73,4,2025-05-17,138
73,5,2024-01-16,208
73,6,2024-04-14,195
73,7,2025-02-07,51
73,8,2024-10-24,48
73,9,2024-10-05,99
73,10,2023-07-27,297
73,11,2024-05-23,90
73,12,2024-07-18,259
73,13,2024-09-22,38
73,14,2024-11-25,243
73,15,2023-12-11,12
73,16,2024-11-24,158
73,17,2025-04-08,83
73,18,2024-01-22,255
73,19,2023-08-29,192
73,20,2025-02-28,162
74,1,2025-04-16,197
74,2,2024-01-01,231
74,3,2024-03-17,77
74,4,2025-03-25,70
74,5,2024-05-16,33
74,6,2024-11-01,5
74,7,2024-06-12,222
74,8,2024-02-23,245
74,9,2024-08-25,127
74,10,2024-09-04,115
74,11,2023-10-15,2
74,12,2024-09-13,1
74,13,2023-10-09,38
74,14,2023-08-04,146
74,15,2023-12-25,117
74,16,2024-05-18,92
74,17,2024-12-13,84
74,18,2024-11-19,83
74,19,2024-03-12,147
74,20,2025-03-28,29
75,1,2025-04-26,37
75,2,2024-12-31,289
75,3,2024-05-24,280
75,4,2023-10-26,177
75,5,2025-02-01,207
75,6,2024-05-04,85
75,7,2025-06-12,65
75,8,2024-10-28,40
75,9,2025-02-20,148
75,10,2025-05-13,212
75,11,2024-04-06,265
75,12,2024-04-29,114
75,13,2023-12-27,292
75,14,2024-09-02,234
75,15,2024-05-25,294
75,16,2024-12-12,255
75,17,2024-01-27,257
75,18,2024-10-24,211
75,19,2024-11-03,186
75,20,2023-12-29,182
76,1,2024-09-20,118
76,2,2023-06-26,1
76,3,2023-09-12,266
76,4,2024-01-04,53
76,5,2023-08-26,274
76,6,2024-05-15,206
76,7,2024-10-29,177
76,8,2023-10-14,10
76,9,2023-11-29,218
76,10,2025-03-29,63
76,11,2024-09-30,159
76,12,2024-04-27,127
76,13,2023-07-11,206
76,14,2023-07-14,45
76,15,2025-04-12,214
76,16,2023-09-12,212
76,17,2024-05-10,280
76,18,2023-10-06,82
76,19,2024-12-21,259
76,20,2024-03-21,246
77,1,2024-08-09,75
77,2,2023-09-30,133
77,3,2023-10-11,283
77,4,2024-06-20,291
77,5,2024-10-02,290
77,6,2025-06-16,145
77,7,2024-03-04,64
77,8,2025-05-06,67
77,9,2024-05-13,299
77,10,2023-07-05,293
77,11,2025-05-31,84
77,12,2023-08-25,192
77,13,2023-07-21,283
77,14,2023-10-01,186
77,15,2024-12-22,221
77,16,2023-10-14,8
77,17,2024-05-07,76
77,18,2024-11-08,298
77,19,2025-06-01,32
77,20,2023-08-03,120
78,1,2024-08-31,174
78,2,2024-03-07,79
78,3,2025-02-15,137
78,4,2025-03-23,277
78,5,2024-07-05,158
78,6,2023-07-11,154
78,7,2023-07-03,211
78,8,2024-02-29,99
78,9,2023-10-15,209
78,10,2025-06-11,100
78,11,2025-01-17,93
78,12,2025-05-26,158
78,13,2025-04-25,99
78,14,2024-02-07,74
78,15,2024-12-18,108
78,16,2024-08-14,38
78,17,2024-04-13,269
78,18,2024-05-31,224
78,19,2024-06-09,264
78,20,2025-06-16,58
79,1,2023-09-07,149
79,2,2024-05-25,53
79,3,2023-10-11,115
79,4,2023-07-17,253
79,5,2024-05-05,89
79,6,2025-01-12,66
79,7,2024-05-16,278
79,8,2025-03-21,14
79,9,2025-01-01,180
79,10,2025-03-27,110
79,11,2023-12-26,92
79,12,2025-02-15,88
79,13,2024-02-28,119
79,14,2023-08-19,117
79,15,2023-11-19,78
79,16,2024-03-13,73
79,17,2024-08-08,26
79,18,2023-12-06,14
79,19,2024-08-17,135
79,20,2023-09-16,258
80,1,2025-03-19,108
80,2,2024-02-19,181
80,3,2023-11-02,291
80,4,2023-07-28,203
80,5,2024-02-01,214
80,6,2024-05-20,249
80,7,2025-04-08,272
80,8,2025-02-21,24
80,9,2025-01-09,168
80,10,2024-09-02,104
80,11,2024-09-10,277
80,12,2025-04-27,170
80,13,2025-04-30,210
80,14,2024-09-05,98
80,15,2023-07-12,233
80,16,2023-08-10,294
80,17,2023-09-03,61
80,18,2023-12-03,269
80,19,2024-07-27,243
80,20,2023-10-27,27
81,1,2024-09-10,144
81,2,2023-07-21,24
81,3,2024-05-11,204
81,4,2024-12-15,253
81,5,2024-04-11,52
81,6,2024-10-22,277
81,7,2023-07-25,164
81,8,2023-08-25,198
81,9,2023-09-29,255
81,10,2023-09-23,4
81,11,2024-06-11,197
81,12,2024-10-30,181
81,13,2024-09-21,199
81,14,2024-11-04,135
81,15,2024-05-04,197
81,16,2023-08-05,269
81,17,2024-10-18,216
81,18,2025-03-28,57
81,19,2023-08-28,28
81,20,2024-06-22,219
82,1,2023-07-11,114
82,2,2024-06-16,259
82,3,2024-02-15,50
82,4,2024-04-25,89
82,5,2023-10-04,28
82,6,2025-02-09,144
82,7,2025-03-18,66
82,8,2023-07-10,105
82,9,2023-08-09,89
82,10,2024-10-10,270
82,11,2024-12-05,4
82,12,2023-10-11,231
82,13,2023-10-05,30
82,14,2024-07-07,256
82,15,2024-08-31,12
82,16,2025-02-06,258
82,17,2024-03-22,255
82,18,2024-12-04,46
82,19,2024-12-25,238
82,20,2023-12-25,2
83,1,2025-03-21,261
83,2,2024-02-22,300
83,3,2023-08-07,207
83,4,2025-05-03,85
83,5,2024-08-07,58
83,6,2024-08-21,269
83,7,2023-11-12,58
83,8,2024-01-19,218
83,9,2023-08-27,279
83,10,2023-06-25,289
83,11,2024-04-09,5
83,12,2025-01-25,165
83,13,2024-09-06,134
83,14,2024-11-15,76
83,15,2023-12-18,163
83,16,2024-03-07,14
83,17,2025-03-20,135
83,18,2024-07-13,171
83,19,2024-04-19,102
83,20,2024-08-31,220
84,1,2024-02-04,18
84,2,2025-01-10,76
84,3,2024-08-14,246
84,4,2024-06-01,194
84,5,2024-09-25,209
84,6,2024-02-09,259
84,7,2024-09-09,243
84,8,2023-08-05,17
84,9,2023-11-08,283
84,10,2023-08-24,73
84,11,2023-11-18,18
84,12,2024-10-16,167
84,13,2024-01-12,94
84,14,2023-09-20,51
84,15,2023-06-28,156
84,16,2024-06-27,264
84,17,2023-10-08,188
84,18,2025-04-09,208
84,19,2024-05-05,255
84,20,2024-03-28,82
85,1,2024-06-15,147
85,2,2024-04-28,101
85,3,2025-03-05,21
85,4,2025-06-18,103
85,5,2023-07-03,163
85,6,2024-11-08,248
85,7,2024-03-16,37
85,8,2025-01-25,282
85,9,2024-10-08,68
85,10,2025-04-23,15
85,11,2024-05-09,213
85,12,2025-05-28,168
85,13,2024-07-03,76
85,14,2025-01-21,86
85,15,2023-12-23,225
85,16,2025-04-02,200
85,17,2023-07-10,186
85,18,2023-08-21,282
85,19,2024-09-27,202
85,20,2025-04-09,126
86,1,2025-01-20,8
86,2,2024-04-10,230
86,3,2025-04-06,199
86,4,2023-10-05,87
86,5,2024-11-02,6
86,6,2024-06-10,185
86,7,2024-09-16,147
86,8,2025-01-27,176
86,9,2025-01-13,189
86,10,2024-09-23,101
86,11,2023-11-20,265
86,12,2023-09-15,9
86,13,2025-04-13,106
86,14,2023-12-25,221
86,15,2023-10-14,120
86,16,2025-04-29,150
86,17,2023-10-27,15
86,18,2025-05-21,259
86,19,2024-04-25,61
86,20,2025-06-01,160
87,1,2025-03-26,75
87,2,2024-02-09,121
87,3,2025-06-20,109
87,4,2024-11-12,86
87,5,2024-03-02,173
87,6,2024-03-10,132
87,7,2023-11-04,30
87,8,2024-04-04,140
87,9,2023-09-24,206
87,10,2024-05-15,199
87,11,2024-05-22,47
87,12,2024-05-09,235
87,13,2024-03-14,62
87,14,2024-08-20,129
87,15,2023-10-12,114
87,16,2025-02-05,240
87,17,2024-02-02,59
87,18,2024-10-31,27
87,19,2023-08-26,264
87,20,2025-05-20,60
88,1,2025-02-19,207
88,2,2023-10-08,84
88,3,2024-03-20,42
88,4,2024-12-09,242
88,5,2023-07-22,174
88,6,2023-10-23,87
88,7,2024-04-19,76
88,8,2024-02-01,35
88,9,2024-01-31,275
88,10,2023-11-25,217
88,11,2024-12-22,288
88,12,2024-12-19,125
88,13,2024-12-05,132
88,14,2023-10-18,110
88,15,2023-10-29,175
88,16,2024-03-05,224
88,17,2024-06-16,149
88,18,2024-01-22,178
88,19,2025-02-25,188
88,20,2024-06-28,239
89,1,2024-03-10,25
89,2,2024-01-07,33
89,3,2024-06-09,273
89,4,2024-09-29,5
89,5,2024-06-30,172
89,6,2024-11-15,49
89,7,2023-06-25,229
89,8,2025-02-11,287
89,9,2024-07-22,250
89,10,2024-02-14,51
89,11,2023-11-29,15
89,12,2024-01-10,257
89,13,2024-12-30,103
89,14,2025-03-20,96
89,15,2024-02-26,201
89,16,2024-01-09,252
89,17,2023-10-27,255
89,18,2023-07-01,202
89,19,2025-04-06,13
89,20,2023-11-08,60
90,1,2023-09-08,25
90,2,2025-01-19,81
90,3,2024-05-13,155
90,4,2024-02-06,41
90,5,2025-05-08,183
90,6,2025-04-11,119
90,7,2024-06-15,49
90,8,2023-09-23,118
90,9,2024-08-02,19
90,10,2024-03-19,168
90,11,2025-03-15,8
90,12,2024-03-30,103
90,13,2024-03-01,26
90,14,2024-03-05,117
90,15,2023-10-15,11
90,16,2023-07-14,284
90,17,2025-05-30,97
90,18,2023-11-17,184
90,19,2023-10-27,191
90,20,2024-06-27,177
91,1,2023-08-30,64
91,2,2023-11-27,4
91,3,2023-08-06,300
91,4,2024-06-05,164
91,5,2024-04-18,275
91,6,2024-07-28,14
91,7,2024-04-30,81
91,8,2024-10-11,79
91,9,2025-03-11,141
91,10,2024-04-28,131
91,11,2025-02-03,56
91,12,2024-07-16,101
91,13,2024-12-29,66
91,14,2024-01-10,159
91,15,2025-01-27,140
91,16,2024-04-15,144
91,17,2024-01-26,238
91,18,2025-06-06,198
91,19,2025-06-23,22
91,20,2024-07-03,259
92,1,2025-05-27,110
92,2,2025-05-11,277
92,3,2023-12-23,73
92,4,2025-02-04,54
92,5,2025-04-10,214
92,6,2023-08-26,115
92,7,2024-08-04,124
92,8,2024-11-10,212
92,9,2025-02-05,86
92,10,2024-05-24,110
92,11,2025-02-20,187
92,12,2024-03-05,97
92,13,2023-09-03,65
92,14,2024-08-31,48
92,15,2025-06-11,246
92,16,2023-08-11,264
92,17,2025-01-22,57
92,18,2024-11-28,120
92,19,2023-12-16,178
92,20,2024-07-11,148
93,1,2024-11-25,24
93,2,2025-03-01,175
93,3,2025-02-23,27
93,4,2023-08-12,191
93,5,2024-05-27,91
93,6,2024-01-03,134
93,7,2023-12-11,66
93,8,2023-08-28,106
93,9,2024-03-18,137
93,10,2024-06-13,35
93,11,2025-06-19,226
93,12,2024-02-14,221
93,13,2023-08-03,114
93,14,2024-04-21,66
93,15,2023-12-17,150
93,16,2024-11-20,229
93,17,2024-04-04,53
93,18,2023-10-17,16
93,19,2023-07-22,192
93,20,2024-04-16,82
94,1,2024-12-25,60
94,2,2024-01-25,287
94,3,2025-01-20,60
94,4,2025-05-27,85
94,5,2024-07-04,211
94,6,2024-09-16,91
94,7,2025-06-21,13
94,8,2023-10-14,134
94,9,2023-09-29,123
94,10,2024-02-25,287
94,11,2025-05-14,41
94,12,2023-11-26,35
94,13,2023-08-03,101
94,14,2023-07-04,3
94,15,2023-10-26,261
94,16,2025-02-07,243
94,17,2024-07-04,83
94,18,2024-07-25,83
94,19,2025-02-14,114
94,20,2025-04-20,231
95,1,2024-12-06,191
95,2,2024-03-24,28
95,3,2024-04-10,30
95,4,2023-07-04,206
95,5,2025-02-15,251
95,6,2024-09-07,262
95,7,2025-05-25,180
95,8,2024-02-09,211
95,9,2023-09-17,23
95,10,2024-02-20,115
95,11,2023-07-24,219
95,12,2025-04-19,5
95,13,2023-11-14,160
95,14,2024-03-01,41
95,15,2025-03-29,275
95,16,2024-10-23,84
95,17,2025-03-07,260
95,18,2023-07-22,152
95,19,2024-01-01,278
95,20,2025-04-09,30
96,1,2025-04-13,53
96,2,2024-08-20,168
96,3,2024-06-06,124
96,4,2023-07-06,90
96,5,2024-10-15,0
96,6,2024-12-23,176
96,7,2025-01-30,116
96,8,2023-07-29,43
96,9,2023-06-26,7
96,10,2025-05-09,65
96,11,2025-03-25,119
96,12,2023-07-29,163
96,13,2025-04-11,208
96,14,2024-12-03,227
96,15,2024-05-23,31
96,16,2024-10-09,131
96,17,2025-01-27,241
96,18,2024-04-30,152
96,19,2025-03-08,82
96,20,2023-08-24,271
97,1,2024-02-09,180
97,2,2024-10-19,208
97,3,2024-07-19,69
97,4,2025-06-13,6
97,5,2025-02-03,124
97,6,2023-11-03,31
97,7,2025-04-11,41
97,8,2025-05-14,240
97,9,2024-09-23,261
97,10,2023-07-08,276
97,11,2024-02-22,295
97,12,2024-03-14,267
97,13,2025-04-18,141
97,14,2025-03-30,154
97,15,2024-07-28,159
97,16,2024-01-29,158
97,17,2025-01-14,164
97,18,2024-02-02,296
97,19,2024-09-12,282
97,20,2024-12-08,156
98,1,2024-08-21,123
98,2,2024-03-05,254
98,3,2024-03-22,181
98,4,2023-08-31,269
98,5,2023-11-15,215
98,6,2024-12-27,205
98,7,2024-09-12,10
98,8,2024-11-03,226
98,9,2024-09-19,243
98,10,2025-03-20,53
98,11,2024-05-23,27
98,12,2024-06-17,181
98,13,2025-06-01,108
98,14,2023-09-06,103
98,15,2025-05-14,115
98,16,2024-06-16,62
98,17,2024-02-05,183
98,18,2023-12-23,153
98,19,2023-12-22,62
98,20,2024-04-12,129
99,1,2024-10-08,78
99,2,2024-05-26,300
99,3,2024-10-30,296
99,4,2024-08-18,138
99,5,2024-04-05,81
99,6,2024-05-10,112
99,7,2023-08-10,0
99,8,2024-02-15,64
99,9,2024-09-07,118
99,10,2023-12-07,112
99,11,2023-12-12,136
99,12,2024-11-20,89
99,13,2024-01-18,140
99,14,2023-08-21,95
99,15,2024-12-11,234
99,16,2023-11-16,201
99,17,2024-04-25,261
99,18,2023-11-24,61
99,19,2024-08-15,128
99,20,2024-02-14,252
100,1,2024-09-25,160
100,2,2024-06-23,194
100,3,2023-09-08,85
100,4,2023-07-02,64
100,5,2024-06-07,211
100,6,2023-12-29,205
100,7,2024-01-10,22
100,8,2025-01-16,182
100,9,2024-08-20,114
100,10,2024-08-06,7
100,11,2024-08-29,190
100,12,2023-08-30,196
100,13,2024-12-23,205
100,14,2023-09-05,140
100,15,2023-08-27,293
100,16,2025-03-15,18
100,17,2024-03-09,296
100,18,2024-06-08,196
100,19,2024-03-10,40
100,20,2024-11-25,42
101,1,2023-09-24,241
101,2,2024-04-15,208
101,3,2025-01-10,124
101,4,2025-01-11,118
101,5,2025-06-23,249
101,6,2024-01-28,207
101,7,2024-12-10,161
101,8,2023-08-09,257
101,9,2023-09-14,115
101,10,2024-03-27,61
101,11,2024-10-17,80
101,12,2025-05-18,31
101,13,2023-09-01,10
101,14,2023-12-05,194
101,15,2024-06-24,11
101,16,2024-04-12,221
101,17,2024-08-15,163
101,18,2024-06-24,28
101,19,2024-01-20,168
101,20,2024-06-25,278
102,1,2024-06-02,272
102,2,2024-12-07,19
102,3,2024-02-15,173
102,4,2023-12-29,273
102,5,2025-04-04,146
102,6,2024-01-17,270
102,7,2023-11-07,169
102,8,2025-05-05,115
102,9,2023-08-05,69
102,10,2025-04-28,55
102,11,2024-05-17,15
102,12,2023-07-30,156
102,13,2023-09-11,149
102,14,2023-08-25,281
102,15,2023-07-12,34
102,16,2023-08-28,129
102,17,2025-01-13,219
102,18,2024-10-23,210
102,19,2024-10-09,129
102,20,2023-09-26,241
103,1,2024-07-22,90
103,2,2023-09-05,286
103,3,2025-04-09,47
103,4,2025-01-20,216
103,5,2024-05-18,293
103,6,2025-04-07,60
103,7,2025-02-06,286
103,8,2024-03-21,246
103,9,2024-11-30,2
103,10,2025-05-13,142
103,11,2023-10-30,173
103,12,2025-02-19,209
103,13,2024-09-27,206
103,14,2025-03-16,150
103,15,2023-11-11,175
103,16,2024-02-28,12
103,17,2025-04-14,60
103,18,2024-02-21,70
103,19,2025-02-26,106
103,20,2024-09-05,55
104,1,2024-03-30,193
104,2,2023-12-04,155
104,3,2024-03-19,121
104,4,2024-06-20,252
104,5,2025-02-09,191
104,6,2024-08-22,231
104,7,2025-03-11,270
104,8,2023-06-27,183
104,9,2024-02-14,132
104,10,2024-12-29,34
104,11,2024-11-20,82
104,12,2023-09-02,206
104,13,2024-03-29,276
104,14,2025-01-08,7
104,15,2025-06-16,54
104,16,2025-03-18,146
104,17,2024-04-24,185
104,18,2024-05-12,20
104,19,2025-06-21,22
104,20,2024-12-02,164
105,1,2023-12-08,215
105,2,2024-06-11,132
105,3,2024-09-11,90
105,4,2024-05-20,41
105,5,2024-07-31,85
105,6,2024-08-04,245
105,7,2024-08-01,256
105,8,2023-11-06,272
105,9,2024-08-20,134
105,10,2024-03-18,58
105,11,2025-05-02,283
105,12,2023-09-05,236
105,13,2024-03-22,16
105,14,2025-05-18,171
105,15,2023-11-21,69
105,16,2023-07-28,253
105,17,2023-10-03,48
105,18,2024-07-22,91
105,19,2024-09-19,226
105,20,2025-05-14,1
106,1,2024-03-27,86
106,2,2023-09-11,251
106,3,2024-11-06,99
106,4,2023-09-17,165
106,5,2024-04-07,79
106,6,2024-02-09,144
106,7,2024-01-28,187
106,8,2025-06-06,164
106,9,2024-12-16,104
106,10,2024-08-08,192
106,11,2023-07-02,46
106,12,2025-04-14,92
106,13,2024-06-10,177
106,14,2024-07-29,162
106,15,2023-07-19,197
106,16,2025-01-30,204
106,17,2024-09-23,127
106,18,2025-04-11,240
106,19,2024-07-04,218
106,20,2024-05-09,28
107,1,2025-03-30,63
107,2,2023-10-31,42
107,3,2025-04-19,189
107,4,2024-01-21,51
107,5,2023-12-19,13
107,6,2024-11-23,6
107,7,2024-02-08,272
107,8,2024-11-14,261
107,9,2023-06-27,245
107,10,2024-08-26,142
107,11,2025-04-06,29
107,12,2024-02-13,156
107,13,2024-08-29,203
107,14,2023-09-21,245
107,15,2025-05-19,201
107,16,2024-12-19,32
107,17,2025-03-27,150
107,18,2025-06-03,299
107,19,2025-05-26,267
107,20,2024-10-12,230
108,1,2025-04-24,8
108,2,2025-04-26,18
108,3,2025-06-15,189
108,4,2025-04-16,142
108,5,2024-10-23,80
108,6,2023-07-25,143
108,7,2024-06-11,292
108,8,2023-08-13,117
108,9,2024-05-25,30
108,10,2023-09-20,225
108,11,2024-03-13,219
108,12,2025-03-01,151
108,13,2023-12-08,75
108,14,2025-03-14,277
108,15,2025-06-08,167
108,16,2024-11-26,67
108,17,2024-08-02,203
108,18,2023-09-15,100
108,19,2023-12-30,73
108,20,2024-06-24,285
109,1,2025-05-03,282
109,2,2025-03-08,203
109,3,2024-07-20,273
109,4,2024-05-31,157
109,5,2023-07-28,240
109,6,2024-01-31,46
109,7,2025-01-27,33
109,8,2024-05-10,249
109,9,2024-08-09,300
109,10,2025-06-04,233
109,11,2023-09-25,239
109,12,2025-06-07,118
109,13,2024-09-14,183
109,14,2024-09-02,171
109,15,2024-08-24,54
109,16,2024-12-13,169
109,17,2025-05-18,69
109,18,2023-12-30,255
109,19,2024-08-28,261
109,20,2023-08-26,176
110,1,2023-08-17,80
110,2,2025-02-11,204
110,3,2024-05-15,253
110,4,2023-07-09,216
110,5,2024-08-06,79
110,6,2025-03-13,131
110,7,2023-06-25,98
110,8,2023-07-27,175
110,9,2025-03-05,268
110,10,2024-05-10,82
110,11,2024-06-18,154
110,12,2023-11-30,46
110,13,2024-07-25,169
110,14,2023-08-18,143
110,15,2024-02-06,64
110,16,2024-06-16,193
110,17,2023-08-17,34
110,18,2023-10-10,294
110,19,2023-12-05,208
110,20,2023-11-17,183
111,1,2024-05-06,35
111,2,2024-11-19,187
111,3,2025-04-15,186
111,4,2024-04-03,21
111,5,2024-10-06,134
111,6,2025-03-29,194
111,7,2024-07-17,157
111,8,2024-03-20,23
111,9,2024-11-15,5
111,10,2023-10-04,240
111,11,2025-03-06,80
111,12,2025-05-07,228
111,13,2024-06-04,61
111,14,2023-08-02,109
111,15,2025-05-04,70
111,16,2024-07-26,181
111,17,2024-08-24,118
111,18,2023-09-26,122
111,19,2025-03-24,107
111,20,2024-01-29,110
112,1,2024-06-13,44
112,2,2024-01-19,105
112,3,2024-06-15,199
112,4,2024-10-05,24
112,5,2024-11-28,64
112,6,2023-09-25,256
112,7,2024-01-24,232
112,8,2024-02-09,209
112,9,2023-06-26,83
112,10,2023-07-06,247
112,11,2025-03-07,94
112,12,2023-08-08,111
112,13,2024-11-08,142
112,14,2025-06-22,140
112,15,2023-09-10,297
112,16,2023-10-06,199
112,17,2023-07-23,20
112,18,2024-09-18,160
112,19,2025-02-21,80
112,20,2023-11-12,220
113,1,2024-10-23,96
113,2,2024-07-07,103
113,3,2023-11-08,8
113,4,2025-06-04,274
113,5,2023-12-27,87
113,6,2023-09-22,237
113,7,2024-09-14,229
113,8,2024-12-05,180
113,9,2024-06-02,242
113,10,2025-03-12,231
113,11,2023-09-14,63
113,12,2024-08-10,277
113,13,2024-12-13,80
113,14,2023-08-08,236
113,15,2024-03-09,253
113,16,2025-01-25,242
113,17,2025-01-05,34
113,18,2024-01-06,197
113,19,2024-01-30,153
113,20,2025-06-09,140
114,1,2025-02-09,19
114,2,2025-03-17,275
114,3,2023-07-16,68
114,4,2023-12-18,68
114,5,2024-08-05,36
114,6,2025-05-25,191
114,7,2024-08-26,78
114,8,2025-03-04,179
114,9,2023-06-30,188
114,10,2023-08-29,5
114,11,2025-03-02,232
114,12,2025-01-30,181
114,13,2023-11-27,11
114,14,2025-05-07,89
114,15,2023-07-20,95
114,16,2024-08-21,295
114,17,2025-05-08,49
114,18,2023-12-06,114
114,19,2024-08-28,0
114,20,2025-01-14,153
115,1,2024-02-01,120
115,2,2024-10-05,41
115,3,2023-12-06,259
115,4,2023-12-12,274
115,5,2024-08-17,194
115,6,2024-07-01,79
115,7,2025-02-16,58
115,8,2024-05-06,258
115,9,2024-12-17,11
115,10,2023-08-23,86
115,11,2024-06-26,220
115,12,2025-05-23,98
115,13,2024-03-06,62
115,14,2024-06-27,231
115,15,2023-08-18,241
115,16,2024-12-06,168
115,17,2023-08-07,277
115,18,2024-11-05,196
115,19,2024-04-09,238
115,20,2023-10-10,93
116,1,2025-03-14,195
116,2,2024-02-26,296
116,3,2024-11-29,66
116,4,2023-07-19,107
116,5,2023-09-11,256
116,6,2023-07-27,198
116,7,2024-07-28,111
116,8,2024-05-04,13
116,9,2023-09-24,247
116,10,2025-01-05,237
116,11,2024-09-30,200
116,12,2025-03-15,241
116,13,2024-01-08,191
116,14,2025-01-29,66
116,15,2023-07-11,144
116,16,2025-06-02,175
116,17,2024-01-21,64
116,18,2023-12-15,48
116,19,2025-03-30,31
116,20,2024-07-01,180
117,1,2023-09-12,24
117,2,2024-02-22,224
117,3,2025-05-12,259
117,4,2024-01-01,267
117,5,2023-12-13,7
117,6,2024-09-13,230
117,7,2024-05-25,157
117,8,2024-11-30,258
117,9,2024-11-25,299
117,10,2025-06-16,118
117,11,2023-11-18,229
117,12,2023-10-12,136
117,13,2024-04-30,41
117,14,2024-11-28,130
117,15,2024-08-06,179
117,16,2024-12-03,190
117,17,2023-12-05,1
117,18,2024-05-14,230
117,19,2023-11-20,74
117,20,2024-07-24,276
118,1,2023-11-09,21
118,2,2023-08-27,51
118,3,2023-10-29,51
118,4,2025-05-10,139
118,5,2025-04-11,26
118,6,2024-07-26,163
118,7,2024-02-10,235
118,8,2023-06-30,195
118,9,2024-04-10,125
118,10,2023-11-15,181
118,11,2024-12-13,122
118,12,2023-11-08,94
118,13,2024-09-09,115
118,14,2024-12-17,166
118,15,2025-02-13,149
118,16,2024-01-05,157
118,17,2024-08-03,256
118,18,2024-08-31,149
118,19,2024-06-29,190
118,20,2024-11-21,58
119,1,2025-04-03,233
119,2,2023-09-29,38
119,3,2025-01-04,256
119,4,2023-09-21,55
119,5,2025-01-01,114
119,6,2023-06-28,51
119,7,2023-10-27,162
119,8,2025-01-28,140
119,9,2024-06-23,57
119,10,2025-03-28,262
119,11,2024-11-15,77
119,12,2023-12-08,111
119,13,2024-12-02,189
119,14,2024-02-27,170
119,15,2023-09-10,9
119,16,2024-05-07,80
119,17,2023-08-14,135
119,18,2023-07-19,162
119,19,2024-12-06,286
119,20,2023-07-29,77
120,1,2024-06-05,162
120,2,2024-01-27,142
120,3,2024-12-28,60
120,4,2024-11-08,122
120,5,2023-10-01,0
120,6,2024-07-02,269
120,7,2023-12-16,82
120,8,2023-09-20,180
120,9,2025-01-15,227
120,10,2025-05-14,244
120,11,2024-02-21,96
120,12,2024-09-12,101
120,13,2023-08-25,177
120,14,2024-02-18,6
120,15,2025-06-16,131
120,16,2024-01-30,221
120,17,2024-10-26,168
120,18,2024-01-11,79
120,19,2024-07-06,241
120,20,2023-07-27,148
121,1,2024-05-23,107
121,2,2025-02-01,221
121,3,2023-09-09,129
121,4,2023-12-19,77
121,5,2024-09-13,106
121,6,2024-02-28,202
121,7,2023-09-29,1
121,8,2023-12-22,77
121,9,2024-11-17,139
121,10,2024-07-04,79
121,11,2025-01-20,249
121,12,2025-02-18,142
121,13,2023-09-11,221
121,14,2025-05-22,297
121,15,2023-11-14,242
121,16,2023-09-06,128
121,17,2024-02-11,63
121,18,2024-06-22,39
121,19,2024-09-16,2
121,20,2024-07-11,50
122,1,2024-02-08,23
122,2,2024-04-17,196
122,3,2024-01-15,140
122,4,2023-09-21,148
122,5,2023-09-07,77
122,6,2025-06-10,148
122,7,2024-12-07,215
122,8,2023-09-12,242
122,9,2025-04-05,106
122,10,2024-09-28,271
122,11,2025-05-05,277
122,12,2024-12-30,27
122,13,2024-11-08,179
122,14,2023-10-10,278
122,15,2024-01-14,212
122,16,2025-03-03,109
122,17,2024-04-01,215
122,18,2023-09-05,51
122,19,2025-03-30,91
122,20,2023-09-19,277
123,1,2025-03-24,41
123,2,2023-09-10,160
123,3,2024-10-17,212
123,4,2024-07-17,37
123,5,2024-06-20,88
123,6,2024-09-06,118
123,7,2024-12-03,174
123,8,2023-12-23,210
123,9,2024-08-01,207
123,10,2024-01-16,295
123,11,2024-01-14,97
123,12,2024-08-16,184
123,13,2024-11-17,265
123,14,2024-10-12,114
123,15,2024-03-31,127
123,16,2025-05-20,102
123,17,2024-09-26,97
123,18,2024-09-27,229
123,19,2024-02-29,63
123,20,2024-03-25,146
124,1,2024-06-23,261
124,2,2025-05-03,33
124,3,2024-03-13,26
124,4,2024-12-24,5
124,5,2025-05-02,266
124,6,2024-01-20,35
124,7,2024-08-30,216
124,8,2024-09-19,224
124,9,2023-11-24,207
124,10,2023-07-16,286
124,11,2023-07-18,272
124,12,2024-10-22,36
124,13,2023-07-18,25
124,14,2023-10-12,57
124,15,2024-01-29,106
124,16,2023-12-16,206
124,17,2024-05-17,208
124,18,2024-10-14,249
124,19,2025-01-15,213
124,20,2025-02-02,71
125,1,2023-10-18,27
125,2,2023-09-24,295
125,3,2023-10-22,94
125,4,2023-07-06,52
125,5,2025-02-07,167
125,6,2023-11-22,71
125,7,2024-10-21,45
125,8,2024-08-11,286
125,9,2023-11-24,255
125,10,2023-11-08,226
125,11,2024-01-18,129
125,12,2023-09-09,226
125,13,2024-12-21,26
125,14,2024-04-12,70
125,15,2024-12-04,32
125,16,2025-01-23,150
125,17,2023-09-29,53
125,18,2024-05-26,260
125,19,2024-03-21,299
125,20,2024-11-23,106
126,1,2025-02-04,168
126,2,2024-01-19,98
126,3,2024-03-26,239
126,4,2023-12-27,127
126,5,2023-11-08,171
126,6,2025-05-15,25
126,7,2024-02-03,69
126,8,2024-01-31,235
126,9,2023-10-04,169
126,10,2025-02-23,203
126,11,2024-12-27,191
126,12,2025-04-17,224
126,13,2025-01-12,161
126,14,2024-12-01,113
126,15,2025-04-17,278
126,16,2024-12-16,189
126,17,2023-07-27,37
126,18,2024-07-06,52
126,19,2025-03-04,10
126,20,2024-01-24,75
127,1,2024-01-11,164
127,2,2023-09-09,212
127,3,2025-01-31,208
127,4,2023-10-22,104
127,5,2023-10-08,42
127,6,2023-09-16,174
127,7,2025-01-27,295
127,8,2024-02-29,186
127,9,2025-01-30,116
127,10,2024-12-24,264
127,11,2024-07-12,3
127,12,2025-02-18,88
127,13,2024-07-04,103
127,14,2025-01-10,54
127,15,2024-04-26,265
127,16,2024-06-16,134
127,17,2024-12-19,169
127,18,2023-07-27,112
127,19,2023-09-10,152
127,20,2024-06-19,79
128,1,2024-10-20,147
128,2,2025-01-24,294
128,3,2024-07-19,30
128,4,2024-06-12,171
128,5,2024-08-14,40
128,6,2024-05-09,268
128,7,2024-06-05,217
128,8,2024-11-20,89
128,9,2024-07-09,124
128,10,2025-01-26,298
128,11,2024-11-01,28
128,12,2023-08-31,143
128,13,2024-10-27,61
128,14,2025-06-18,74
128,15,2025-03-17,92
128,16,2024-10-27,96
128,17,2025-02-08,200
128,18,2023-07-12,166
128,19,2023-08-13,98
128,20,2023-12-03,278
129,1,2023-12-24,2
129,2,2023-11-16,296
129,3,2023-12-31,231
129,4,2024-08-20,96
129,5,2023-09-26,288
129,6,2023-11-01,131
129,7,2024-05-06,139
129,8,2023-11-03,282
129,9,2024-09-29,251
129,10,2023-07-24,155
129,11,2024-11-20,128
129,12,2025-06-11,104
129,13,2025-02-16,242
129,14,2024-03-12,272
129,15,2023-08-06,287
129,16,2024-11-17,209
129,17,2024-06-05,246
129,18,2024-03-20,182
129,19,2024-07-23,4
129,20,2024-10-12,52
130,1,2025-05-29,152
130,2,2023-09-16,33
130,3,2023-08-08,157
130,4,2023-09-05,92
130,5,2025-05-24,260
130,6,2025-06-15,140
130,7,2024-01-26,164
130,8,2025-03-19,228
130,9,2023-10-27,184
130,10,2024-09-17,143
130,11,2023-10-31,162
130,12,2023-09-13,65
130,13,2024-02-06,283
130,14,2024-04-24,229
130,15,2023-07-09,227
130,16,2023-12-13,13
130,17,2024-08-23,135
130,18,2024-12-24,144
130,19,2024-01-29,217
130,20,2025-03-25,213
131,1,2023-07-22,226
131,2,2024-06-02,104
131,3,2024-09-16,154
131,4,2025-01-24,19
131,5,2025-04-24,43
131,6,2024-10-29,48
131,7,2023-11-12,219
131,8,2024-01-06,58
131,9,2025-01-22,198
131,10,2025-06-08,29
131,11,2023-12-16,216
131,12,2024-09-02,250
131,13,2025-03-14,191
131,14,2024-01-16,236
131,15,2025-04-08,250
131,16,2024-08-27,74
131,17,2024-06-26,7
131,18,2024-11-08,222
131,19,2025-05-06,202
131,20,2024-08-16,135
132,1,2024-09-06,51
132,2,2024-01-17,14
132,3,2024-07-28,246
132,4,2025-02-05,256
132,5,2023-10-15,25
132,6,2024-05-23,127
132,7,2025-05-06,72
132,8,2024-11-23,267
132,9,2025-05-21,216
132,10,2025-03-12,46
132,11,2024-02-26,261
132,12,2023-10-19,115
132,13,2024-02-01,98
132,14,2023-10-31,226
132,15,2023-07-20,1
132,16,2024-10-26,149
132,17,2025-01-09,140
132,18,2025-06-13,210
132,19,2023-08-06,5
132,20,2025-05-01,246
133,1,2023-07-05,139
133,2,2023-11-10,187
133,3,2023-11-15,172
133,4,2024-08-01,36
133,5,2025-01-27,141
133,6,2024-07-16,29
133,7,2024-12-23,187
133,8,2024-06-14,167
133,9,2024-11-29,15
133,10,2024-09-17,287
133,11,2025-04-03,58
133,12,2023-07-20,166
133,13,2023-11-11,102
133,14,2024-12-31,265
133,15,2024-01-16,137
133,16,2025-03-29,157
133,17,2025-02-02,76
133,18,2024-06-28,250
133,19,2025-01-11,124
133,20,2024-11-12,201
134,1,2023-11-22,290
134,2,2025-05-18,288
134,3,2023-11-19,78
134,4,2024-08-23,197
134,5,2024-09-21,87
134,6,2024-10-08,89
134,7,2024-04-07,83
134,8,2023-12-29,108
134,9,2023-09-14,188
134,10,2023-11-01,23
134,11,2024-05-07,163
134,12,2025-02-02,68
134,13,2024-03-21,164
134,14,2024-07-29,172
134,15,2024-06-16,173
134,16,2025-03-11,122
134,17,2025-04-12,224
134,18,2024-04-26,41
134,19,2024-11-29,296
134,20,2023-09-03,79
135,1,2023-08-02,186
135,2,2024-08-10,98
135,3,2025-01-29,117
135,4,2025-05-21,169
135,5,2024-10-16,295
135,6,2025-01-29,94
135,7,2025-01-05,279
135,8,2025-04-14,173
135,9,2024-04-23,19
135,10,2024-04-13,44
135,11,2024-12-22,290
135,12,2024-02-04,230
135,13,2023-07-11,284
135,14,2023-06-24,93
135,15,2024-04-23,80
135,16,2024-05-09,216
135,17,2024-04-22,168
135,18,2024-03-09,277
135,19,2023-09-07,263
135,20,2024-01-19,120
136,1,2023-09-24,49
136,2,2023-08-05,27
136,3,2023-07-22,227
136,4,2024-10-05,250
136,5,2024-09-07,295
136,6,2024-09-04,221
136,7,2024-07-11,120
136,8,2024-05-25,251
136,9,2024-10-15,68
136,10,2023-07-15,1
136,11,2024-10-12,35
136,12,2023-12-19,237
136,13,2025-05-24,7
136,14,2024-01-19,141
136,15,2024-03-04,111
136,16,2024-02-10,1
136,17,2025-03-24,90
136,18,2025-05-17,7
136,19,2024-09-19,50
136,20,2025-06-04,16
137,1,2024-08-28,288
137,2,2024-03-26,278
137,3,2023-09-03,119
137,4,2023-07-04,161
137,5,2024-01-03,130
137,6,2023-07-20,0
137,7,2025-05-30,197
137,8,2024-05-16,299
137,9,2024-08-24,117
137,10,2025-06-10,295
137,11,2024-04-23,32
137,12,2025-06-13,35
137,13,2023-10-10,259
137,14,2023-10-22,24
137,15,2024-10-24,250
137,16,2023-11-17,175
137,17,2025-02-07,115
137,18,2024-05-26,161
137,19,2023-07-26,139
137,20,2023-11-28,289
138,1,2023-12-19,148
138,2,2024-06-07,134
138,3,2025-06-10,154
138,4,2025-04-23,18
138,5,2023-09-08,239
138,6,2024-11-02,217
138,7,2023-07-15,25
138,8,2024-08-22,214
138,9,2023-11-14,269
138,10,2025-06-09,63
138,11,2023-11-04,240
138,12,2025-05-16,26
138,13,2023-07-05,6
138,14,2023-11-15,266
138,15,2025-03-24,57
138,16,2024-08-28,184
138,17,2023-11-27,192
138,18,2024-06-25,218
138,19,2024-05-22,287
138,20,2024-02-04,148
139,1,2025-04-05,192
139,2,2024-05-04,6
139,3,2023-11-01,24
139,4,2024-02-10,132
139,5,2024-01-16,257
139,6,2024-02-03,38
139,7,2025-06-07,175
139,8,2024-05-30,105
139,9,2024-02-14,300
139,10,2023-09-01,175
139,11,2024-05-10,116
139,12,2024-12-10,46
139,13,2023-08-10,179
139,14,2025-04-07,167
139,15,2023-09-04,86
139,16,2024-06-30,109
139,17,2023-08-18,190
139,18,2023-09-10,169
139,19,2024-02-10,170
139,20,2025-04-06,206
140,1,2025-03-01,81
140,2,2025-05-05,4
140,3,2024-06-25,197
140,4,2023-10-18,201
140,5,2024-06-22,57
140,6,2023-09-01,257
140,7,2024-02-29,45
140,8,2025-05-31,6
140,9,2023-08-27,288
140,10,2024-03-15,130
140,11,2024-04-11,104
140,12,2025-05-29,159
140,13,2024-07-15,298
140,14,2024-07-29,298
140,15,2023-10-29,26
140,16,2023-10-01,153
140,17,2025-02-24,124
140,18,2024-10-22,130
140,19,2023-11-17,269
140,20,2024-01-26,204
141,1,2024-12-23,193
141,2,2024-07-31,85
141,3,2023-10-15,132
141,4,2024-04-04,127
141,5,2024-07-28,259
141,6,2024-07-12,6
141,7,2025-01-16,219
141,8,2024-09-04,141
141,9,2024-05-18,12
141,10,2024-02-04,34
141,11,2024-02-23,1
141,12,2025-04-16,204
141,13,2023-07-21,254
141,14,2024-08-01,111
141,15,2025-02-19,162
141,16,2024-01-15,49
141,17,2024-05-14,47
141,18,2023-09-16,73
141,19,2023-11-25,222
141,20,2025-02-27,104
142,1,2023-10-03,184
142,2,2023-12-15,217
142,3,2023-10-07,168
142,4,2023-07-06,65
142,5,2023-08-16,189
142,6,2024-04-28,87
142,7,2023-11-16,122
142,8,2024-06-28,149
142,9,2024-08-13,108
142,10,2024-09-21,61
142,11,2023-11-26,146
142,12,2024-02-06,13
142,13,2024-12-17,39
142,14,2025-03-18,233
142,15,2023-06-29,255
142,16,2023-12-23,2
142,17,2025-06-01,268
142,18,2025-04-25,173
142,19,2023-11-07,283
142,20,2024-05-29,199
143,1,2024-02-03,209
143,2,2024-08-12,76
143,3,2023-09-24,300
143,4,2024-02-23,28
143,5,2024-06-20,263
143,6,2024-02-24,254
143,7,2023-08-29,16
143,8,2023-11-07,153
143,9,2023-10-14,32
143,10,2024-08-20,10
143,11,2025-06-20,77
143,12,2024-08-24,11
143,13,2024-06-27,130
143,14,2024-02-04,66
143,15,2024-12-24,170
143,16,2025-05-20,115
143,17,2023-12-29,30
143,18,2024-03-09,100
143,19,2024-11-23,28
143,20,2024-04-20,116
144,1,2025-03-12,98
144,2,2025-02-09,13
144,3,2023-10-09,33
144,4,2024-12-28,40
144,5,2024-08-07,166
144,6,2025-06-02,134
144,7,2025-02-25,234
144,8,2024-05-23,192
144,9,2024-01-14,107
144,10,2024-06-21,3
144,11,2024-05-08,198
144,12,2025-02-13,270
144,13,2024-09-08,47
144,14,2023-11-02,24
144,15,2025-03-06,121
144,16,2024-10-17,8
144,17,2024-06-17,53
144,18,2024-09-22,39
144,19,2024-07-22,95
144,20,2023-11-02,261
145,1,2023-07-28,209
145,2,2023-08-12,148
145,3,2025-03-22,110
145,4,2025-03-25,116
145,5,2023-08-16,158
145,6,2024-08-27,136
145,7,2025-02-10,143
145,8,2025-05-07,218
145,9,2023-08-25,46
145,10,2024-08-14,90
145,11,2025-05-06,35
145,12,2024-08-22,193
145,13,2024-07-10,8
145,14,2024-10-03,252
145,15,2024-12-26,237
145,16,2024-12-22,266
145,17,2024-10-28,49
145,18,2024-11-14,32
145,19,2024-01-30,207
145,20,2023-08-18,190
146,1,2025-03-10,198
146,2,2024-10-12,254
146,3,2024-07-03,91
146,4,2023-11-30,194
146,5,2024-03-06,88
146,6,2024-04-11,70
146,7,2024-08-31,147
146,8,2023-11-05,2
146,9,2023-11-25,128
146,10,2025-05-15,289
146,11,2023-10-14,78
146,12,2024-07-01,257
146,13,2024-07-27,60
146,14,2024-06-19,194
146,15,2024-07-14,133
146,16,2025-04-12,110
146,17,2024-07-13,157
146,18,2025-01-16,24
146,19,2024-02-14,181
146,20,2025-02-25,24
147,1,2024-04-01,267
147,2,2023-12-08,74
147,3,2023-08-17,5
147,4,2023-12-20,96
147,5,2024-07-14,34
147,6,2025-05-28,54
147,7,2023-10-09,8
147,8,2025-04-17,98
147,9,2024-09-15,43
147,10,2025-05-27,159
147,11,2025-03-31,124
147,12,2023-07-13,45
147,13,2024-12-25,184
147,14,2024-09-04,103
147,15,2025-03-19,123
147,16,2025-03-07,183
147,17,2025-05-01,243
147,18,2025-06-10,259
147,19,2024-10-13,225
147,20,2024-05-07,121
148,1,2024-12-17,160
148,2,2024-05-08,109
148,3,2025-01-11,3
148,4,2024-11-14,189
148,5,2024-10-26,294
148,6,2024-01-06,223
148,7,2024-10-12,178
148,8,2024-02-11,38
148,9,2024-06-14,108
148,10,2024-06-22,225
148,11,2023-11-30,202
148,12,2023-12-29,212
148,13,2025-04-01,83
148,14,2023-09-15,235
148,15,2024-11-06,232
148,16,2023-07-25,268
148,17,2023-09-14,281
148,18,2023-07-13,91
148,19,2024-02-04,284
148,20,2024-05-28,255
149,1,2024-04-16,294
149,2,2025-04-01,186
149,3,2025-04-30,93
149,4,2024-06-19,152
149,5,2025-01-23,47
149,6,2023-12-22,152
149,7,2024-10-07,20
149,8,2025-06-13,97
149,9,2024-05-18,297
149,10,2025-06-09,110
149,11,2024-01-26,274
149,12,2023-08-07,225
149,13,2024-06-20,88
149,14,2024-11-23,55
149,15,2025-04-29,42
149,16,2025-01-24,107
149,17,2023-12-21,292
149,18,2024-09-07,4
149,19,2023-07-26,80
149,20,2024-12-10,12
150,1,2023-08-29,263
150,2,2025-03-10,178
150,3,2024-10-07,119
150,4,2024-05-21,58
150,5,2023-07-31,153
150,6,2024-02-24,147
150,7,2024-09-09,98
150,8,2025-01-17,264
150,9,2023-11-27,245
150,10,2025-05-03,269
150,11,2024-12-12,201
150,12,2025-05-02,83
150,13,2024-03-03,281
150,14,2024-12-17,297
150,15,2024-02-23,109
150,16,2023-09-04,22
150,17,2023-08-26,100
150,18,2024-06-16,42
150,19,2025-03-02,2
150,20,2023-08-12,168
151,1,2024-11-14,22
151,2,2024-07-02,252
151,3,2024-06-04,160
151,4,2023-09-26,122
151,5,2024-12-06,296
151,6,2024-03-11,62
151,7,2024-07-28,12
151,8,2024-09-27,143
151,9,2024-11-18,215
151,10,2023-09-29,125
151,11,2023-09-24,193
151,12,2024-12-22,181
151,13,2024-10-10,154
151,14,2024-03-31,228
151,15,2024-03-18,176
151,16,2024-07-11,168
151,17,2024-08-11,5
151,18,2024-10-12,67
151,19,2024-03-29,268
151,20,2024-03-23,263
152,1,2025-05-14,107
152,2,2023-07-07,297
152,3,2023-12-03,163
152,4,2024-09-26,181
152,5,2023-09-09,291
152,6,2025-01-23,74
152,7,2024-05-20,162
152,8,2025-04-12,81
152,9,2024-08-20,236
152,10,2024-05-13,233
152,11,2023-07-12,233
152,12,2023-10-05,122
152,13,2024-08-27,228
152,14,2024-12-09,111
152,15,2024-02-22,228
152,16,2024-07-30,33
152,17,2024-06-23,26
152,18,2025-04-13,125
152,19,2024-05-08,196
152,20,2024-06-03,206
153,1,2024-08-06,89
153,2,2024-10-12,216
153,3,2023-12-24,170
153,4,2024-03-16,100
153,5,2025-04-15,250
153,6,2024-12-19,257
153,7,2023-09-20,144
153,8,2023-07-16,101
153,9,2023-08-27,192
153,10,2024-08-14,264
153,11,2025-05-07,151
153,12,2023-11-07,159
153,13,2025-03-20,117
153,14,2023-10-19,138
153,15,2023-11-06,278
153,16,2025-04-27,239
153,17,2025-06-17,189
153,18,2023-09-29,169
153,19,2025-02-05,112
153,20,2023-12-07,126
154,1,2024-08-12,56
154,2,2024-02-27,254
154,3,2023-11-29,244
154,4,2024-02-02,185
154,5,2023-09-16,300
154,6,2024-01-04,237
154,7,2024-07-02,26
154,8,2023-10-13,206
154,9,2025-02-12,269
154,10,2024-08-16,288
154,11,2024-06-28,14
154,12,2024-07-04,25
154,13,2023-08-15,163
154,14,2024-04-26,120
154,15,2025-02-03,295
154,16,2024-12-04,248
154,17,2023-08-18,111
154,18,2025-02-28,76
154,19,2023-11-17,208
154,20,2024-08-17,241
155,1,2024-12-10,160
155,2,2023-08-18,179
155,3,2024-04-17,50
155,4,2025-02-12,120
155,5,2024-01-22,230
155,6,2023-11-03,168
155,7,2024-11-29,161
155,8,2025-04-29,232
155,9,2024-06-07,253
155,10,2023-11-06,222
155,11,2024-04-11,188
155,12,2023-10-29,4
155,13,2023-09-16,136
155,14,2025-02-10,8
155,15,2025-05-31,10
155,16,2024-09-14,34
155,17,2024-08-08,151
155,18,2024-06-11,196
155,19,2025-01-04,188
155,20,2024-05-24,123
156,1,2023-09-17,146
156,2,2025-04-01,78
156,3,2023-09-02,100
156,4,2025-01-22,269
156,5,2025-03-09,45
156,6,2023-08-23,200
156,7,2023-10-10,223
156,8,2024-07-29,86
156,9,2025-01-03,155
156,10,2024-02-03,82
156,11,2025-06-09,88
156,12,2024-05-07,72
156,13,2023-10-17,24
156,14,2024-02-24,29
156,15,2024-08-08,194
156,16,2024-01-22,108
156,17,2024-02-08,207
156,18,2024-09-09,286
156,19,2024-11-27,112
156,20,2024-01-02,108
157,1,2024-11-19,120
157,2,2025-05-12,297
157,3,2024-06-04,30
157,4,2024-04-13,99
157,5,2024-12-19,94
157,6,2025-01-25,9
157,7,2025-04-22,45
157,8,2023-12-19,132
157,9,2023-07-11,66
157,10,2025-03-29,216
157,11,2024-03-30,237
157,12,2023-09-08,127
157,13,2024-11-29,162
157,14,2024-09-19,88
157,15,2024-04-30,127
157,16,2024-08-19,293
157,17,2025-04-07,125
157,18,2025-02-15,286
157,19,2024-10-01,33
157,20,2024-10-08,258
158,1,2024-04-20,94
158,2,2023-08-03,129
158,3,2025-06-08,179
158,4,2025-01-10,150
158,5,2025-04-04,44
158,6,2024-11-20,150
158,7,2024-01-12,70
158,8,2024-01-01,182
158,9,2024-01-30,294
158,10,2023-11-21,197
158,11,2023-09-03,172
158,12,2024-02-09,127
158,13,2025-04-10,270
158,14,2024-03-02,236
158,15,2024-09-12,300
158,16,2023-10-03,201
158,17,2025-05-27,14
158,18,2023-11-20,124
158,19,2024-10-07,280
158,20,2024-03-18,60
159,1,2024-03-30,52
159,2,2025-04-17,291
159,3,2024-08-17,126
159,4,2023-07-23,125
159,5,2024-09-14,88
159,6,2024-09-08,216
159,7,2024-01-18,115
159,8,2024-12-21,264
159,9,2025-01-08,99
159,10,2024-05-02,36
159,11,2024-12-22,36
159,12,2024-01-01,129
159,13,2024-12-09,20
159,14,2024-07-22,203
159,15,2024-08-13,38
159,16,2023-09-01,221
159,17,2024-02-06,134
159,18,2023-08-17,133
159,19,2024-12-09,57
159,20,2023-07-28,183
160,1,2025-03-10,59
160,2,2024-07-16,278
160,3,2023-11-13,210
160,4,2024-01-25,262
160,5,2024-09-27,126
160,6,2023-12-09,172
160,7,2025-04-15,192
160,8,2023-09-28,248
160,9,2025-02-21,87
160,10,2023-07-20,251
160,11,2023-12-28,4
160,12,2024-09-08,229
160,13,2024-09-16,293
160,14,2025-06-02,110
160,15,2025-02-07,53
160,16,2024-05-11,151
160,17,2024-12-26,170
160,18,2024-01-14,209
160,19,2024-05-13,100
160,20,2025-04-30,27
161,1,2024-12-27,249
161,2,2024-12-11,57
161,3,2024-10-16,80
161,4,2024-03-22,170
161,5,2023-10-05,215
161,6,2024-04-05,160
161,7,2023-09-12,103
161,8,2024-06-23,129
161,9,2024-05-23,98
161,10,2023-09-26,213
161,11,2025-05-11,220
161,12,2025-04-22,66
161,13,2023-12-26,156
161,14,2023-07-30,250
161,15,2025-01-04,183
161,16,2025-01-06,76
161,17,2023-12-17,24
161,18,2024-02-04,108
161,19,2023-11-27,286
161,20,2024-01-30,43
162,1,2024-09-25,28
162,2,2024-06-12,70
162,3,2023-08-26,281
162,4,2024-05-17,152
162,5,2025-05-26,253
162,6,2025-03-08,159
162,7,2023-09-16,191
162,8,2024-01-18,149
162,9,2025-04-09,205
162,10,2024-03-31,91
162,11,2024-08-18,256
162,12,2023-09-15,55
162,13,2025-01-29,132
162,14,2024-12-23,145
162,15,2023-07-02,144
162,16,2024-09-03,100
162,17,2024-12-13,146
162,18,2024-08-05,267
162,19,2024-01-30,217
162,20,2024-09-03,240
163,1,2023-11-13,217
163,2,2023-12-23,91
163,3,2025-05-06,115
163,4,2023-08-25,106
163,5,2024-09-13,192
163,6,2024-11-25,273
163,7,2024-01-04,178
163,8,2025-06-17,108
163,9,2024-07-08,121
163,10,2024-12-26,283
163,11,2023-11-29,81
163,12,2023-07-02,150
163,13,2025-03-23,154
163,14,2024-03-15,150
163,15,2024-11-07,205
163,16,2023-07-20,78
163,17,2024-08-08,13
163,18,2025-03-27,176
163,19,2023-11-08,137
163,20,2023-12-11,101
164,1,2025-03-28,288
164,2,2025-04-22,84
164,3,2025-03-31,56
164,4,2023-08-19,144
164,5,2023-08-21,75
164,6,2024-01-25,234
164,7,2025-05-24,280
164,8,2024-09-12,121
164,9,2023-07-09,256
164,10,2023-08-27,204
164,11,2024-09-29,48
164,12,2024-01-17,264
164,13,2024-08-14,239
164,14,2023-09-28,142
164,15,2025-04-24,97
164,16,2024-04-12,55
164,17,2024-05-05,258
164,18,2024-10-11,112
164,19,2024-04-19,246
164,20,2023-10-27,88
165,1,2025-03-29,15
165,2,2024-09-14,271
165,3,2023-09-26,132
165,4,2024-09-27,204
165,5,2023-09-02,17
165,6,2025-02-22,264
165,7,2024-05-12,49
165,8,2025-01-21,218
165,9,2024-05-02,48
165,10,2024-01-10,214
165,11,2024-11-01,86
165,12,2024-10-21,2
165,13,2025-04-08,6
165,14,2024-10-04,32
165,15,2023-08-22,184
165,16,2025-03-06,179
165,17,2025-02-21,218
165,18,2024-04-16,134
165,19,2025-04-05,204
165,20,2025-04-14,199
166,1,2023-11-13,283
166,2,2024-12-17,135
166,3,2023-12-17,60
166,4,2025-01-23,130
166,5,2024-06-29,133
166,6,2023-08-21,79
166,7,2025-06-09,73
166,8,2025-04-02,223
166,9,2025-01-03,143
166,10,2024-02-12,173
166,11,2023-09-05,226
166,12,2025-04-13,100
166,13,2024-06-02,197
166,14,2024-03-07,200
166,15,2024-03-12,269
166,16,2024-04-08,77
166,17,2025-04-13,67
166,18,2025-05-10,4
166,19,2025-05-15,216
166,20,2023-10-19,107
167,1,2023-11-06,239
167,2,2024-03-17,148
167,3,2024-05-10,118
167,4,2025-03-09,253
167,5,2025-05-03,50
167,6,2024-01-22,7
167,7,2024-01-13,168
167,8,2024-09-26,286
167,9,2025-05-28,65
167,10,2024-10-07,0
167,11,2024-07-11,20
167,12,2024-04-19,71
167,13,2025-06-22,193
167,14,2024-02-27,122
167,15,2024-08-30,88
167,16,2024-08-22,111
167,17,2023-09-06,213
167,18,2025-05-24,75
167,19,2025-03-22,164
167,20,2024-10-26,120
168,1,2023-07-26,94
168,2,2024-03-25,154
168,3,2024-01-20,238
168,4,2025-04-15,278
168,5,2024-01-18,189
168,6,2025-04-07,2
168,7,2025-02-04,8
168,8,2024-11-13,89
168,9,2025-05-04,76
168,10,2024-02-24,186
168,11,2023-12-17,122
168,12,2024-06-29,129
168,13,2025-01-17,234
168,14,2023-12-22,165
168,15,2024-05-07,173
168,16,2024-11-29,67
168,17,2024-04-29,289
168,18,2024-12-02,290
168,19,2024-09-05,244
168,20,2023-10-06,73
169,1,2024-05-30,117
169,2,2023-09-09,263
169,3,2025-04-13,296
169,4,2024-06-27,174
169,5,2024-05-28,233
169,6,2025-04-03,18
169,7,2023-07-26,7
169,8,2024-05-26,273
169,9,2024-03-20,152
169,10,2025-01-26,125
169,11,2025-05-21,93
169,12,2024-08-20,189
169,13,2024-05-18,164
169,14,2025-04-23,209
169,15,2023-09-15,33
169,16,2024-02-27,118
169,17,2024-01-04,137
169,18,2024-10-12,79
169,19,2024-08-02,218
169,20,2023-10-03,203
170,1,2025-05-08,100
170,2,2023-11-28,224
170,3,2024-08-11,100
170,4,2025-02-11,194
170,5,2025-06-17,199
170,6,2024-10-26,3
170,7,2025-01-29,68
170,8,2024-04-27,106
170,9,2023-09-02,111
170,10,2023-10-15,213
170,11,2024-04-20,93
170,12,2025-01-05,197
170,13,2024-07-18,258
170,14,2024-05-31,120
170,15,2023-08-18,272
170,16,2024-10-04,283
170,17,2023-11-25,47
170,18,2025-03-24,248
170,19,2024-04-11,27
170,20,2024-06-13,243
171,1,2024-10-15,73
171,2,2023-09-15,186
171,3,2023-09-22,227
171,4,2024-08-13,179
171,5,2025-04-17,32
171,6,2024-08-05,48
171,7,2024-09-28,152
171,8,2023-11-09,130
171,9,2024-01-29,15
171,10,2023-08-31,267
171,11,2023-08-14,134
171,12,2025-05-27,187
171,13,2024-01-22,126
171,14,2024-11-17,217
171,15,2023-10-23,264
171,16,2024-12-02,26
171,17,2025-05-02,66
171,18,2024-04-07,122
171,19,2023-06-27,240
171,20,2023-12-03,29
172,1,2024-12-08,233
172,2,2024-10-16,53
172,3,2024-11-12,225
172,4,2023-09-14,122
172,5,2023-10-26,178
172,6,2023-12-17,9
172,7,2025-02-26,29
172,8,2025-06-19,173
172,9,2025-05-28,148
172,10,2024-06-19,235
172,11,2024-04-26,63
172,12,2024-03-08,269
172,13,2025-01-08,100
172,14,2023-08-30,299
172,15,2023-10-05,225
172,16,2023-11-08,228
172,17,2024-08-21,176
172,18,2024-02-26,256
172,19,2024-08-09,294
172,20,2024-01-16,291
173,1,2024-01-22,190
173,2,2024-07-04,112
173,3,2023-12-23,179
173,4,2023-08-09,194
173,5,2024-10-12,295
173,6,2024-12-18,116
173,7,2025-01-24,181
173,8,2025-01-11,155
173,9,2023-12-16,147
173,10,2024-07-09,193
173,11,2024-01-30,74
173,12,2025-03-28,102
173,13,2025-04-02,79
173,14,2023-09-06,211
173,15,2023-06-29,121
173,16,2024-03-29,79
173,17,2024-10-04,9
173,18,2024-11-23,299
173,19,2023-12-26,182
173,20,2024-03-05,223
174,1,2025-01-31,240
174,2,2024-06-15,202
174,3,2025-05-29,86
174,4,2023-09-01,180
174,5,2024-11-18,53
174,6,2024-08-28,130
174,7,2025-03-11,271
174,8,2023-10-09,75
174,9,2024-04-09,243
174,10,2024-04-16,77
174,11,2024-05-24,166
174,12,2024-04-11,48
174,13,2023-07-01,277
174,14,2025-05-15,210
174,15,2024-10-28,49
174,16,2025-01-23,216
174,17,2024-05-12,212
174,18,2024-09-23,11
174,19,2024-04-21,149
174,20,2024-04-28,164
175,1,2023-10-18,184
175,2,2024-03-06,219
175,3,2023-11-20,171
175,4,2023-08-08,257
175,5,2024-10-23,141
175,6,2024-10-16,92
175,7,2024-10-21,294
175,8,2024-02-15,166
175,9,2024-07-26,30
175,10,2024-04-09,119
175,11,2023-11-05,181
175,12,2024-03-26,133
175,13,2024-09-24,207
175,14,2023-11-17,81
175,15,2025-02-18,239
175,16,2023-08-29,218
175,17,2024-09-01,205
175,18,2025-05-13,142
175,19,2024-02-04,117
175,20,2024-06-15,7
176,1,2024-05-30,144
176,2,2024-11-09,71
176,3,2024-03-17,201
176,4,2024-05-07,193
176,5,2025-04-21,223
176,6,2024-08-25,33
176,7,2024-07-14,207
176,8,2023-09-29,62
176,9,2024-08-21,156
176,10,2024-01-07,74
176,11,2023-09-12,24
176,12,2024-10-27,231
176,13,2024-04-01,36
176,14,2024-11-17,292
176,15,2024-06-04,129
176,16,2023-09-27,199
176,17,2023-11-06,260
176,18,2024-02-16,158
176,19,2025-03-12,82
176,20,2024-02-21,174
177,1,2024-08-05,274
177,2,2023-07-28,291
177,3,2023-07-26,63
177,4,2023-09-23,153
177,5,2024-06-20,297
177,6,2025-03-07,173
177,7,2023-06-30,207
177,8,2023-12-25,20
177,9,2024-09-09,174
177,10,2024-04-05,194
177,11,2024-06-23,290
177,12,2023-09-15,223
177,13,2024-01-13,236
177,14,2024-09-21,24
177,15,2024-01-15,13
177,16,2024-06-15,9
177,17,2024-08-19,190
177,18,2024-03-02,18
177,19,2023-11-21,60
177,20,2023-07-12,297
178,1,2025-02-13,277
178,2,2024-07-22,188
178,3,2024-05-13,295
178,4,2024-01-22,209
178,5,2023-07-15,156
178,6,2024-08-13,294
178,7,2024-07-10,166
178,8,2023-12-10,196
178,9,2024-07-05,54
178,10,2024-02-27,130
178,11,2025-05-13,7
178,12,2024-07-29,128
178,13,2024-12-08,244
178,14,2025-05-13,95
178,15,2024-11-02,149
178,16,2023-10-15,50
178,17,2024-04-05,135
178,18,2023-12-14,67
178,19,2024-04-18,147
178,20,2024-09-04,88
179,1,2023-09-01,119
179,2,2025-02-21,113
179,3,2024-09-13,230
179,4,2024-05-16,185
179,5,2024-07-01,123
179,6,2023-11-22,211
179,7,2024-11-06,109
179,8,2025-04-01,113
179,9,2024-12-19,279
179,10,2025-02-22,170
179,11,2024-06-11,83
179,12,2023-11-05,285
179,13,2025-01-21,273
179,14,2025-06-03,18
179,15,2025-02-26,89
179,16,2024-01-02,296
179,17,2023-10-02,253
179,18,2024-08-05,268
179,19,2024-02-07,33
179,20,2024-12-17,49
180,1,2023-11-01,278
180,2,2025-02-17,96
180,3,2024-02-13,128
180,4,2025-03-05,263
180,5,2025-05-17,119
180,6,2024-12-03,80
180,7,2025-02-12,30
180,8,2023-08-06,134
180,9,2024-01-07,222
180,10,2024-12-27,77
180,11,2024-01-17,49
180,12,2024-04-02,177
180,13,2024-09-11,225
180,14,2025-04-16,48
180,15,2023-11-06,207
180,16,2025-04-17,231
180,17,2025-02-20,36
180,18,2025-03-06,68
180,19,2023-08-23,57
180,20,2025-01-26,286
181,1,2023-12-31,35
181,2,2024-07-06,281
181,3,2025-02-22,98
181,4,2025-04-30,50
181,5,2025-04-13,292
181,6,2024-07-12,101
181,7,2023-09-22,105
181,8,2025-05-12,18
181,9,2024-11-10,206
181,10,2024-05-19,230
181,11,2023-07-18,231
181,12,2025-01-27,198
181,13,2023-08-27,44
181,14,2024-08-20,167
181,15,2024-02-13,216
181,16,2024-07-24,175
181,17,2023-09-17,197
181,18,2025-02-15,288
181,19,2025-06-12,227
181,20,2024-10-26,15
182,1,2024-08-19,16
182,2,2024-12-08,13
182,3,2025-04-05,92
182,4,2024-12-05,193
182,5,2024-08-20,221
182,6,2024-05-08,196
182,7,2024-04-08,185
182,8,2024-05-03,6
182,9,2023-12-16,278
182,10,2024-11-09,131
182,11,2024-01-02,94
182,12,2025-01-02,224
182,13,2023-08-30,177
182,14,2024-01-07,124
182,15,2023-07-06,226
182,16,2025-04-12,74
182,17,2025-04-15,25
182,18,2025-01-31,256
182,19,2024-10-19,86
182,20,2025-04-23,38
183,1,2024-05-15,101
183,2,2023-09-16,193
183,3,2023-08-22,191
183,4,2023-10-02,140
183,5,2023-08-20,118
183,6,2024-04-09,250
183,7,2024-10-23,299
183,8,2024-02-15,172
183,9,2024-01-24,249
183,10,2024-07-30,259
183,11,2025-02-07,156
183,12,2023-12-18,162
183,13,2024-12-03,13
183,14,2023-08-04,3
183,15,2025-01-06,299
183,16,2024-05-12,5
183,17,2025-06-23,181
183,18,2023-08-23,31
183,19,2023-08-22,34
183,20,2023-08-11,115
184,1,2025-04-17,115
184,2,2024-04-20,80
184,3,2023-07-15,213
184,4,2024-07-24,121
184,5,2025-05-09,212
184,6,2023-08-16,6
184,7,2024-11-15,16
184,8,2024-08-15,18
184,9,2025-04-07,15
184,10,2025-04-09,119
184,11,2024-10-22,39
184,12,2025-05-18,114
184,13,2025-05-02,124
184,14,2023-12-19,3
184,15,2024-10-12,162
184,16,2024-03-20,220
184,17,2024-11-06,86
184,18,2025-04-17,156
184,19,2024-01-27,8
184,20,2023-07-14,66
185,1,2024-06-16,116
185,2,2023-10-25,14
185,3,2023-12-10,205
185,4,2024-06-27,88
185,5,2023-09-17,258
185,6,2023-10-02,261
185,7,2023-07-10,83
185,8,2024-12-09,218
185,9,2023-07-17,221
185,10,2025-05-09,58
185,11,2024-12-23,110
185,12,2023-08-08,258
185,13,2024-07-04,203
185,14,2024-04-09,176
185,15,2024-11-14,95
185,16,2023-10-09,214
185,17,2024-03-21,177
185,18,2024-01-16,239
185,19,2025-03-08,258
185,20,2025-01-27,131
186,1,2024-06-28,203
186,2,2024-06-22,198
186,3,2025-03-18,41
186,4,2024-03-15,247
186,5,2025-02-02,283
186,6,2024-10-31,37
186,7,2023-12-23,48
186,8,2024-05-22,256
186,9,2023-07-10,247
186,10,2025-04-14,105
186,11,2024-12-31,12
186,12,2024-06-24,204
186,13,2024-08-29,130
186,14,2025-01-03,297
186,15,2024-10-07,173
186,16,2023-06-30,257
186,17,2023-08-01,45
186,18,2025-02-21,138
186,19,2024-01-22,137
186,20,2024-11-26,284
187,1,2024-04-24,179
187,2,2023-07-07,103
187,3,2024-07-09,21
187,4,2024-12-26,145
187,5,2023-10-29,280
187,6,2023-10-09,71
187,7,2024-04-25,261
187,8,2024-12-09,136
187,9,2025-06-08,18
187,10,2024-07-05,191
187,11,2024-03-16,220
187,12,2024-10-09,290
187,13,2023-11-22,201
187,14,2024-07-09,21
187,15,2024-12-05,279
187,16,2024-10-30,30
187,17,2023-06-25,102
187,18,2023-11-14,16
187,19,2025-04-24,96
187,20,2025-01-19,154
188,1,2024-10-07,299
188,2,2025-02-07,38
188,3,2023-09-07,53
188,4,2023-08-28,38
188,5,2024-02-29,237
188,6,2024-03-30,83
188,7,2024-06-01,99
188,8,2025-03-29,274
188,9,2024-09-19,257
188,10,2024-01-21,35
188,11,2024-12-10,14
188,12,2023-09-20,217
188,13,2024-02-29,169
188,14,2025-02-18,82
188,15,2024-11-19,277
188,16,2025-05-12,42
188,17,2024-10-12,142
188,18,2024-01-16,130
188,19,2024-03-27,93
188,20,2023-07-30,4
189,1,2023-08-04,15
189,2,2023-07-18,202
189,3,2024-05-18,183
189,4,2024-07-28,217
189,5,2023-07-28,19
189,6,2024-12-30,116
189,7,2023-11-18,232
189,8,2024-01-01,268
189,9,2024-06-08,55
189,10,2024-08-17,161
189,11,2023-10-28,294
189,12,2025-02-22,83
189,13,2023-09-24,260
189,14,2023-09-19,7
189,15,2024-01-22,158
189,16,2024-10-02,190
189,17,2024-08-11,106
189,18,2024-07-20,128
189,19,2023-07-04,22
189,20,2024-07-31,69
190,1,2024-05-13,143
190,2,2024-04-28,66
190,3,2024-12-16,296
190,4,2023-09-27,172
190,5,2024-06-07,91
190,6,2023-12-26,198
190,7,2024-04-24,174
190,8,2024-04-24,26
190,9,2024-12-02,21
190,10,2025-01-03,131
190,11,2023-09-11,147
190,12,2023-11-01,25
190,13,2023-11-01,61
190,14,2023-07-16,95
190,15,2024-07-30,91
190,16,2024-03-22,300
190,17,2025-01-30,139
190,18,2024-04-02,236
190,19,2023-10-02,121
190,20,2023-07-27,181
191,1,2023-09-29,7
191,2,2023-07-10,189
191,3,2025-05-05,189
191,4,2024-04-07,76
191,5,2024-01-12,199
191,6,2025-01-15,254
191,7,2025-01-29,213
191,8,2023-12-28,188
191,9,2025-03-19,206
191,10,2024-10-04,6
191,11,2025-06-02,90
191,12,2023-07-18,187
191,13,2024-09-24,53
191,14,2024-06-30,253
191,15,2023-11-06,69
191,16,2024-01-31,145
191,17,2024-06-29,225
191,18,2024-01-04,202
191,19,2023-12-20,173
191,20,2023-10-26,3
192,1,2024-06-01,259
192,2,2023-10-12,300
192,3,2025-02-24,147
192,4,2025-05-27,123
192,5,2025-04-14,39
192,6,2024-08-27,24
192,7,2025-04-19,207
192,8,2025-03-05,76
192,9,2024-08-07,187
192,10,2024-03-19,188
192,11,2023-11-16,275
192,12,2025-01-03,293
192,13,2024-06-08,25
192,14,2024-03-09,265
192,15,2025-05-20,234
192,16,2025-06-08,127
192,17,2025-03-15,42
192,18,2024-02-10,204
192,19,2023-07-12,6
192,20,2024-07-16,261
193,1,2024-08-28,276
193,2,2024-02-19,2
193,3,2025-02-21,147
193,4,2024-10-16,271
193,5,2024-10-01,73
193,6,2024-07-09,177
193,7,2023-09-07,177
193,8,2024-01-06,87
193,9,2023-12-01,207
193,10,2025-04-01,201
193,11,2023-12-23,223
193,12,2024-12-21,140
193,13,2023-12-07,31
193,14,2024-12-05,300
193,15,2025-06-14,272
193,16,2024-02-02,223
193,17,2024-02-12,239
193,18,2023-11-13,2
193,19,2024-08-01,12
193,20,2025-01-13,151
194,1,2024-10-28,57
194,2,2023-08-06,152
194,3,2024-11-30,263
194,4,2024-06-01,292
194,5,2025-03-11,202
194,6,2024-01-09,277
194,7,2023-06-25,155
194,8,2024-03-20,238
194,9,2025-02-03,104
194,10,2023-09-23,5
194,11,2023-11-26,180
194,12,2024-02-02,187
194,13,2024-12-12,250
194,14,2023-07-24,93
194,15,2025-05-13,299
194,16,2023-08-19,190
194,17,2024-11-04,6
194,18,2025-03-22,50
194,19,2023-09-23,136
194,20,2024-12-29,187
195,1,2024-11-15,11
195,2,2025-04-21,176
195,3,2024-11-10,163
195,4,2024-12-08,190
195,5,2025-06-06,209
195,6,2023-07-16,268
195,7,2023-12-23,107
195,8,2025-05-04,226
195,9,2023-12-01,248
195,10,2025-05-11,195
195,11,2024-06-12,41
195,12,2023-09-10,237
195,13,2023-11-22,253
195,14,2024-07-04,122
195,15,2024-03-19,291
195,16,2024-05-14,32
195,17,2024-01-10,49
195,18,2023-08-29,158
195,19,2025-06-19,287
195,20,2024-06-18,39
196,1,2024-05-22,258
196,2,2024-03-28,165
196,3,2023-09-21,126
196,4,2024-07-23,163
196,5,2025-02-21,204
196,6,2023-08-26,127
196,7,2024-07-17,10
196,8,2023-07-01,241
196,9,2024-06-01,46
196,10,2024-02-03,277
196,11,2025-03-17,289
196,12,2024-06-02,27
196,13,2025-04-24,13
196,14,2023-07-03,147
196,15,2023-10-22,252
196,16,2024-02-25,47
196,17,2023-10-02,91
196,18,2024-12-13,225
196,19,2024-04-15,263
196,20,2025-01-12,86
197,1,2024-08-14,188
197,2,2023-10-15,270
197,3,2024-08-04,25
197,4,2024-05-25,29
197,5,2025-01-27,234
197,6,2024-07-29,288
197,7,2024-09-29,83
197,8,2023-11-16,282
197,9,2025-05-22,187
197,10,2024-09-24,25
197,11,2024-07-16,281
197,12,2024-05-23,156
197,13,2024-04-17,258
197,14,2023-07-24,0
197,15,2024-08-18,45
197,16,2024-04-03,41
197,17,2024-08-20,13
197,18,2023-12-22,112
197,19,2024-08-18,100
197,20,2024-12-10,181
198,1,2024-03-08,17
198,2,2024-01-09,16
198,3,2024-12-12,125
198,4,2025-05-15,183
198,5,2024-01-26,182
198,6,2024-05-04,173
198,7,2024-07-10,68
198,8,2024-01-17,263
198,9,2023-08-22,91
198,10,2024-09-28,42
198,11,2023-11-27,43
198,12,2024-06-26,27
198,13,2023-12-13,31
198,14,2023-11-24,265
198,15,2025-05-19,188
198,16,2023-10-06,180
198,17,2024-08-26,196
198,18,2023-09-04,165
198,19,2023-09-04,67
198,20,2023-07-21,15
199,1,2024-04-05,105
199,2,2024-12-08,28
199,3,2024-06-13,26
199,4,2024-01-19,261
199,5,2024-10-17,195
199,6,2023-12-13,169
199,7,2025-06-04,266
199,8,2024-06-22,140
199,9,2024-07-11,187
199,10,2025-02-15,264
199,11,2024-02-10,16
199,12,2024-04-30,200
199,13,2024-12-10,237
199,14,2024-07-23,12
199,15,2024-05-12,58
199,16,2024-11-19,34
199,17,2024-03-09,260
199,18,2024-03-29,2
199,19,2025-06-22,182
199,20,2024-03-13,208
200,1,2023-10-29,260
200,2,2023-09-22,6
200,3,2024-06-12,100
200,4,2024-09-06,60
200,5,2025-01-16,59
200,6,2025-06-07,204
200,7,2024-10-05,85
200,8,2025-05-30,37
200,9,2023-09-03,288
200,10,2024-11-22,71
200,11,2024-04-03,173
200,12,2024-04-10,39
200,13,2025-03-14,4
200,14,2024-03-10,190
200,15,2024-04-23,98
200,16,2024-06-24,108
200,17,2024-10-03,14
200,18,2024-12-01,251
200,19,2025-02-03,57
200,20,2024-04-17,133
